"record_id","modified","institutionCode","collectionCode","catalogNumber","basisOfRecord","kingdom","phylum","class","order","family","genus","specificEpithet","scientificName","identifiedBy","recordedBy","recordNumber","year","month","day","continentOcean","country","stateProvince","locality","decimalLongitude","decimalLatitude","verbatimLongitude","verbatimLatitude","minimumElevationInMeters","preparationType","individualCount","county","coordinatePrecision","sex","geoFlag","occurrenceRemarks","scientificNameAuthorship","yearIdentified","monthIdentified","dayIdentified","maximumElevationInMeters"
"1","2021-04-21 22:00:02-03","USNM","US-ANIMALIA","371278","PreservedSpecimen","Animalia","Chordata","Mammalia","Carnivora","Felidae","Leopardus","tigrinus","Leopardus tigrinus","Helgen, Kristofer M., University of Adelaide (AUSTRALIA)","Smithsonian Venezuelan Project","1063","1965","9","3","South America","Venezuela","Distrito Federal","Caracas, 9.4 Km N, Hotel Humboldt","-66.87","10.55","066 52 -- W","10 33 -- N","2181","Skin; Skull","1",NA,NA,NA,NA,NA,NA,NA,NA,NA,NA
"2","2021-04-21 22:00:02-03","USNM","US-ANIMALIA","374861","PreservedSpecimen","Animalia","Chordata","Mammalia","Carnivora","Felidae","Leopardus","tigrinus","Leopardus tigrinus",NA,"Smithsonian Venezuelan Project","9956","1966","7","11","South America","Venezuela","Bolivar","El Manteco, 28 Km SE, Los Patos","-62.37","7.18","062 22 -- W","07 11 -- N","350","Skin; Skull","1",NA,NA,NA,NA,NA,NA,NA,NA,NA,NA
"3","2017-12-05 15:17:24-02","PUCRS","MCP-MAMIFEROS","756","S","Animalia",NA,NA,"Carnivora","Felidae","Leopardus","geoffroyi","Leopardus geoffroyi",NA,NA,NA,"2000","04","04",NA,"Brasil","Rio Grande do Sul",NA,"-52.8939018249512","-30.0391998291016",NA,NA,NA,NA,NA,"Cachoeira do Sul","71201","Macho","auto",NA,NA,NA,NA,NA,NA
"4","2017-12-05 15:17:23-02","PUCRS","MCP-MAMIFEROS","1958","S","Animalia",NA,NA,"Carnivora","Felidae","Leopardus","geoffroyi","Leopardus geoffroyi",NA,NA,NA,"2014","08","10",NA,"Brasil","Rio Grande do Sul",NA,"-55.5327987670898","-30.8908004760742","55' 14' 24.9' W","30°48 36''S",NA,NA,NA,"Santana do Livramento","79795","Macho","auto",NA,NA,NA,NA,NA,NA
"5","2017-12-05 15:17:23-02","PUCRS","MCP-MAMIFEROS","2180","S","Animalia",NA,NA,"Carnivora","Felidae","Leopardus","geoffroyi","Leopardus geoffroyi",NA,NA,NA,"2015","01","19",NA,"Brasil","Rio Grande do Sul","BR 158","-55.5327987670898","-30.8908004760742","55' 03' 31''W","30°28°05''S",NA,NA,NA,"Santana do Livramento","79795","Fêmea","auto",NA,NA,NA,NA,NA,NA
"6","2017-12-05 15:17:23-02","PUCRS","MCP-MAMIFEROS","2174","S","Animalia",NA,NA,"Carnivora","Felidae","Leopardus","geoffroyi","Leopardus geoffroyi",NA,NA,NA,"2012","09","23",NA,"Brasil","Rio Grande do Sul","BR 290","-54.3199996948242","-30.3363990783691",NA,NA,NA,NA,NA,"São Gabriel","56206","Fêmea","auto",NA,NA,NA,NA,NA,NA
"7","2017-12-05 15:17:23-02","PUCRS","MCP-MAMIFEROS","1895","S","Animalia",NA,NA,"Carnivora","Felidae","Leopardus","geoffroyi","Leopardus geoffroyi",NA,NA,NA,"2013","01","28",NA,"Brasil","Rio Grande do Sul","Br 290","-54.3199996948242","-30.3363990783691",NA,NA,NA,NA,NA,"São Gabriel","56206","Macho","auto",NA,NA,NA,NA,NA,NA
"8","2017-12-05 15:17:23-02","PUCRS","MCP-MAMIFEROS","1819","S","Animalia",NA,NA,"Carnivora","Felidae","Leopardus","geoffroyi","Leopardus geoffroyi",NA,NA,NA,"2010","09","28",NA,"Brasil","Rio Grande do Sul","BR 290","-52.354722","-30.185861","52° 21' 17''W","30°11' 09.1''S",NA,NA,NA,"Pantano Grande",NA,"Fêmea",NA,NA,NA,NA,NA,NA,NA
"9","2017-12-05 15:17:23-02","PUCRS","MCP-MAMIFEROS","1802","S","Animalia",NA,NA,"Carnivora","Felidae","Leopardus","geoffroyi","Leopardus geoffroyi",NA,NA,NA,"2010","08","17",NA,"Brasil","Rio Grande do Sul","BR 116","-52.835","-32.01","52° 50' 06''W","32° 00' 36''S",NA,NA,NA,"Jaguarão",NA,NA,NA,NA,NA,NA,NA,NA,NA
"10","2017-12-05 15:17:23-02","PUCRS","MCP-MAMIFEROS","1812","S","Animalia",NA,NA,"Carnivora","Felidae","Leopardus","geoffroyi","Leopardus geoffroyi",NA,NA,NA,"2012","07","25",NA,"Brasil","Rio Grande do Sul","BR 290","-54.686583","-30.229111","54° 41' 11.7''W","30°13' 44.8''S",NA,NA,NA,"Entre São Gabriel e Rosário",NA,NA,NA,NA,NA,NA,NA,NA,NA
"11","2017-12-05 15:17:23-02","PUCRS","MCP-MAMIFEROS","1841","S","Animalia",NA,NA,"Carnivora","Felidae","Leopardus","geoffroyi","Leopardus geoffroyi",NA,NA,NA,"2013","07","09",NA,"Brasil","Rio Grande do Sul","Br 290, km 241",NA,"-30.22155","-5263513","-30.22155",NA,NA,NA,"Cachoeira do Sul",NA,"Macho",NA,NA,NA,NA,NA,NA,NA
"12","2017-12-05 15:17:23-02","PUCRS","MCP-MAMIFEROS","1955","S","Animalia",NA,NA,"Carnivora","Felidae","Leopardus","geoffroyi","Leopardus geoffroyi",NA,NA,NA,"2014","06","23",NA,"Brasil","Rio Grande do Sul","Serra do Caverá",NA,"-30.076972","55' 27' 56.4''W","30°04' 37.1''S",NA,NA,NA,"Rosário do Sul",NA,"Fêmea",NA,NA,NA,NA,NA,NA,NA
"13","2017-12-05 15:17:23-02","PUCRS","MCP-MAMIFEROS","1956","S","Animalia",NA,NA,"Carnivora","Felidae","Leopardus","geoffroyi","Leopardus geoffroyi",NA,NA,NA,"2014","06","23",NA,"Brasil","Rio Grande do Sul","Serra do Caverá",NA,"-30.069444","65' 29' 08''W","30°04' 10''S",NA,NA,NA,"Alegrete",NA,NA,NA,NA,NA,NA,NA,NA,NA
"14","2017-12-05 15:17:23-02","PUCRS","MCP-MAMIFEROS","2173","S","Animalia",NA,NA,"Carnivora","Felidae","Leopardus","geoffroyi","Leopardus geoffroyi",NA,NA,NA,"2014","07","20",NA,"Brasil","Rio Grande do Sul","BR 293, Km 116","-53.466389","-31.528889","53° 27' 59''W","31° 31' 44''S",NA,NA,NA,"Pinheiro Machado",NA,"Macho",NA,NA,NA,NA,NA,NA,NA
"15","2017-12-05 15:17:23-02","PUCRS","MCP-MAMIFEROS","2175","S","Animalia",NA,NA,"Carnivora","Felidae","Leopardus","geoffroyi","Leopardus geoffroyi",NA,NA,NA,"2014","09","16",NA,"Brasil","Rio Grande do Sul","Estrada do Caverá","-55.566944","-30.060278","55°34' 1''W","30°3' 37''S",NA,NA,NA,"Alegrete",NA,"Macho",NA,NA,NA,NA,NA,NA,NA
"16","2017-12-05 15:17:24-02","PUCRS","MCP-MAMIFEROS","2192","S","Animalia",NA,NA,"Carnivora","Felidae","Leopardus","geoffroyi","Leopardus geoffroyi",NA,NA,NA,"2014","06","14",NA,"Brasil","Rio Grande do Sul","BR 116, Km 368","-51.572778","-30.666111","51° 34' 22''W","30°39' 58''S",NA,NA,NA,"Sentinela do Sul",NA,"Macho",NA,NA,NA,NA,NA,NA,NA
"17","2017-12-05 15:17:23-02","PUCRS","MCP-MAMIFEROS","2183","S","Animalia",NA,NA,"Carnivora","Felidae","Leopardus","geoffroyi","Leopardus geoffroyi",NA,NA,NA,"2014","10","15",NA,"Brasil","Rio Grande do Sul","BR 290","-51.167306","-30.008333","51° 10' 2.3''W","30°00' 30''S",NA,NA,NA,"Alegrete",NA,NA,NA,NA,NA,NA,NA,NA,NA
"18","2017-12-05 15:17:23-02","PUCRS","MCP-MAMIFEROS","2177","S","Animalia",NA,NA,"Carnivora","Felidae","Leopardus","geoffroyi","Leopardus geoffroyi",NA,NA,NA,"2014","09","03",NA,"Brasil","Rio Grande do Sul","BR 293, Km 355",NA,"-30.790278","55' 40' 03''W","30°47' 25''S",NA,NA,NA,"Santana do Livramento",NA,"Macho",NA,NA,NA,NA,NA,NA,NA
"19","2017-12-05 15:17:23-02","PUCRS","MCP-MAMIFEROS","2178","S","Animalia",NA,NA,"Carnivora","Felidae","Leopardus","geoffroyi","Leopardus geoffroyi",NA,NA,NA,"2014","09","03",NA,"Brasil","Rio Grande do Sul","BR 293, Km 355",NA,"-30.790278","55' 40' 03''W","30°47' 25''S",NA,NA,NA,"Santana do Livramento",NA,"Macho",NA,NA,NA,NA,NA,NA,NA
"20","2017-12-05 15:17:23-02","PUCRS","MCP-MAMIFEROS","2172","S","Animalia",NA,NA,"Carnivora","Felidae","Leopardus","geoffroyi","Leopardus geoffroyi",NA,NA,NA,"2013","07","31",NA,"Brasil","Rio Grande do Sul","BR 290",NA,"-30.23994","-05498404","-30.23994",NA,NA,NA,"Rosário do Sul",NA,"Macho",NA,NA,NA,NA,NA,NA,NA
"21","2017-12-05 15:17:23-02","PUCRS","MCP-MAMIFEROS","1996","S","Animalia",NA,NA,"Carnivora","Felidae","Leopardus","geoffroyi","Leopardus geoffroyi",NA,NA,NA,"2014","10","21",NA,"Brasil","Rio Grande do Sul","BR 290",NA,"-30.230469","54° 43' 55.86W","30°13' 49.69''S",NA,NA,NA,"Rosário do Sul",NA,NA,NA,NA,NA,NA,NA,NA,NA
"22","2017-12-05 15:17:23-02","PUCRS","MCP-MAMIFEROS","2188","S","Animalia",NA,NA,"Carnivora","Felidae","Leopardus","geoffroyi","Leopardus geoffroyi",NA,NA,NA,"2015","07","07",NA,"Brasil","Rio Grande do Sul","BR 290",NA,"-30.146944","49' 15' 40W","30°08' 49''S",NA,NA,NA,"Rosário do Sul",NA,NA,NA,NA,NA,NA,NA,NA,NA
"23","2017-12-05 15:17:23-02","PUCRS","MCP-MAMIFEROS","2189","S","Animalia",NA,NA,"Carnivora","Felidae","Leopardus","geoffroyi","Leopardus geoffroyi",NA,NA,NA,"2015","06","16",NA,"Brasil","Rio Grande do Sul","Tapes","-51.624722",NA,"51° 37' 29''W","30°43 34''S",NA,NA,NA,"Sentinela do Sul",NA,"Macho",NA,NA,NA,NA,NA,NA,NA
"24","2017-12-05 15:17:24-02","PUCRS","MCP-MAMIFEROS","703","S","Animalia",NA,NA,"Carnivora","Felidae","Leopardus","geoffroyi","Leopardus geoffroyi",NA,NA,NA,"1996","02","10",NA,"Brasil","Rio Grande do Sul","Arroio Canoas","-51.4956016540527","-29.3768997192383",NA,NA,NA,NA,NA,"Barão","16855","Macho","auto",NA,NA,NA,NA,NA,NA
"25","2017-12-05 15:17:23-02","PUCRS","MCP-MAMIFEROS","1829","S","Animalia",NA,NA,"Carnivora","Felidae","Leopardus","geoffroyi","Leopardus geoffroyi",NA,NA,NA,"2013","05","06",NA,"Brasil","Rio Grande do Sul","Passo dos enforcados","-53.4914016723633","-30.5121994018555",NA,NA,NA,NA,NA,"Caçapava do Sul","50525","Macho","auto",NA,NA,NA,NA,NA,NA
"26","2017-12-05 15:17:24-02","PUCRS","MCP-MAMIFEROS","755","S","Animalia",NA,NA,"Carnivora","Felidae","Leopardus","geoffroyi","Leopardus geoffroyi",NA,NA,NA,NA,NA,NA,NA,"Brasil","Rio Grande do Sul",NA,"-52.8939018249512","-30.0391998291016",NA,NA,NA,NA,NA,"Cachoeira do Sul","71201",NA,"auto",NA,NA,NA,NA,NA,NA
"27","2017-12-05 15:17:23-02","PUCRS","MCP-MAMIFEROS","2181","S","Animalia",NA,NA,"Carnivora","Felidae","Leopardus","geoffroyi","Leopardus geoffroyi",NA,NA,NA,NA,NA,NA,NA,"Brasil","Rio Grande do Sul",NA,"-51.812198638916","-30.8511009216309",NA,NA,NA,NA,NA,"Camaquã","49429","Macho","auto",NA,NA,NA,NA,NA,NA
"28","2017-12-05 15:17:24-02","PUCRS","MCP-MAMIFEROS","870","S","Animalia",NA,NA,"Carnivora","Felidae","Leopardus","geoffroyi","Leopardus geoffroyi",NA,NA,NA,"2002","01","05",NA,"Brasil","Rio Grande do Sul",NA,"-51.5036010742188","-29.2975006103516",NA,NA,NA,NA,NA,"Carlos Barbosa","15359","Fêmea","auto",NA,NA,NA,NA,NA,NA
"29","2017-12-05 15:17:23-02","PUCRS","MCP-MAMIFEROS","1781","S","Animalia",NA,NA,"Carnivora","Felidae","Leopardus","geoffroyi","Leopardus geoffroyi",NA,NA,NA,NA,NA,NA,NA,"Brasil","Rio Grande do Sul",NA,"-54.6730995178223","-30.9827995300293",NA,NA,NA,NA,NA,"Dom Pedrito","68371","Macho","auto",NA,NA,NA,NA,NA,NA
"30","2017-12-05 15:17:23-02","PUCRS","MCP-MAMIFEROS","2190","S","Animalia",NA,NA,"Carnivora","Felidae","Leopardus","geoffroyi","Leopardus geoffroyi",NA,NA,NA,NA,NA,NA,NA,"Brasil","Rio Grande do Sul",NA,"-52.3424987792969","-31.771900177002",NA,NA,NA,NA,NA,"Pelotas","51462","Macho","auto",NA,NA,NA,NA,NA,NA
"31","2017-12-05 15:17:23-02","PUCRS","MCP-MAMIFEROS","1818","S","Animalia",NA,NA,"Carnivora","Felidae","Leopardus","geoffroyi","Leopardus geoffroyi",NA,NA,NA,"2012","09","30",NA,"Brasil","Rio Grande do Sul","RS 377","-56.4514007568359","-30.3875007629395",NA,NA,NA,NA,NA,"Quaraí","74636",NA,"auto",NA,NA,NA,NA,NA,NA
"32","2017-12-05 15:17:23-02","PUCRS","MCP-MAMIFEROS","1974","S","Animalia",NA,NA,"Carnivora","Felidae","Leopardus","geoffroyi","Leopardus geoffroyi",NA,NA,NA,"2014","07","24",NA,"Brasil","Rio Grande do Sul","BR 116","-51.3958015441895","-30.6732997894287",NA,NA,NA,NA,NA,"Tapes","25762","Macho","auto",NA,NA,NA,NA,NA,NA
"33","2017-12-05 15:17:24-02","PUCRS","MCP-MAMIFEROS","2179","S","Animalia",NA,NA,"Carnivora","Felidae","Leopardus","geoffroyi melânico","Leopardus geoffroyi melânico",NA,NA,NA,"2014","10","15",NA,"Brasil","Rio Grande do Sul","BR 290","-51.167306","-30.008333","51° 10' 2.3''W","30°00' 30''S",NA,NA,NA,"Alegrete",NA,"Macho",NA,NA,NA,NA,NA,NA,NA
"34","2017-12-05 15:17:24-02","PUCRS","MCP-MAMIFEROS","2221","S","Animalia",NA,NA,"Carnivora","Felidae","Leopardus","geoffroyi melânico","Leopardus geoffroyi melânico",NA,NA,NA,"2016","11","16",NA,"Brasil","Rio Grande do Sul",NA,NA,"-30.254667","28' 41.6''W","30°15' 16.8''S",NA,NA,NA,"São Gabriel",NA,"Macho",NA,NA,NA,NA,NA,NA,NA
"35","2017-12-05 15:17:24-02","PUCRS","MCP-MAMIFEROS","2027","S","Animalia",NA,NA,"Carnivora","Felidae","Leopardus","tigrinus","Leopardus tigrinus",NA,NA,NA,"1979","09","08",NA,"Brasil","Rio Grande do Sul","Fazenda Bela Vista","-52.521900177002","-30.5438995361328",NA,NA,NA,NA,NA,"Encruzilhada do Sul","62084",NA,"auto",NA,NA,NA,NA,NA,NA
"36","2017-12-05 15:17:24-02","PUCRS","MCP-MAMIFEROS","1816","S","Animalia",NA,NA,"Carnivora","Felidae","Leopardus","tigrinus","Leopardus tigrinus",NA,NA,NA,"2012","07","26",NA,"Brasil","Rio Grande do Sul","BR 158","-53.7647018432617","-29.6096992492676",NA,NA,NA,NA,NA,"Itaára","17818","Fêmea","auto",NA,NA,NA,NA,NA,NA
"37","2017-12-05 15:17:24-02","PUCRS","MCP-MAMIFEROS","2073","S","Animalia",NA,NA,"Carnivora","Felidae","Leopardus","tigrinus","Leopardus tigrinus",NA,NA,NA,"1983","05","23",NA,"Brasil","Rio Grande do Sul","Zoológico","-51.1483001708984","-29.8246994018555",NA,NA,NA,NA,NA,"Sapucaia do Sul","7291","Fêmea","auto",NA,NA,NA,NA,NA,NA
"38","2017-12-05 15:17:24-02","PUCRS","MCP-MAMIFEROS","2077","S","Animalia",NA,NA,"Carnivora","Felidae","Leopardus","tigrinus","Leopardus tigrinus",NA,NA,NA,"1983","05","23",NA,"Brasil","Rio Grande do Sul","Zoológico","-51.1483001708984","-29.8246994018555",NA,NA,NA,NA,NA,"Sapucaia do Sul","7291","Macho","auto",NA,NA,NA,NA,NA,NA
"39","2017-12-05 15:17:24-02","PUCRS","MCP-MAMIFEROS","1795","S","Animalia",NA,NA,"Carnivora","Felidae","Leopardus","tigrinus","Leopardus tigrinus",NA,NA,NA,"2012","01","12",NA,"Brasil","Rio Grande do Sul","Estrada do Caravagio","-51.087389","-29.172611","51° 05' 14.6''W","29°10' 21.4''S",NA,NA,NA,"Caxias do Sul",NA,"Macho",NA,NA,NA,NA,NA,NA,NA
"40","2017-12-05 15:17:24-02","PUCRS","MCP-MAMIFEROS","1803","S","Animalia",NA,NA,"Carnivora","Felidae","Leopardus","tigrinus","Leopardus tigrinus",NA,NA,NA,"2012","01","25",NA,"Brasil","Rio Grande do Sul","BR 392","-54.854503","-28.122883","54° 51' 16.21''W","28°07' 22.38''S",NA,NA,NA,"Salvador das Missões",NA,"Macho",NA,NA,NA,NA,NA,NA,NA
"41","2017-12-05 15:17:24-02","PUCRS","MCP-MAMIFEROS","1827","S","Animalia",NA,NA,"Carnivora","Felidae","Leopardus","tigrinus","Leopardus tigrinus",NA,NA,NA,"2012","09","23",NA,"Brasil","Rio Grande do Sul","BR290","-52.083444","-30.140472","52° 05' 00.4''W","30°08' 25.7''S",NA,NA,NA,"Minas do Leão",NA,"Fêmea",NA,NA,NA,NA,NA,NA,NA
"42","2017-12-05 15:17:24-02","PUCRS","MCP-MAMIFEROS","1830","S","Animalia",NA,NA,"Carnivora","Felidae","Leopardus","tigrinus","Leopardus tigrinus",NA,NA,NA,"2013","07","31",NA,"Brasil","Rio Grande do Sul","Br 386","-53.417222","-27.415278","53° 25' 02''W","27°24' 55''S",NA,NA,NA,"Frederico Westphalen",NA,"Fêmea",NA,NA,NA,NA,NA,NA,NA
"43","2017-12-05 15:17:24-02","PUCRS","MCP-MAMIFEROS","1880","S","Animalia",NA,NA,"Carnivora","Felidae","Leopardus","tigrinus","Leopardus tigrinus",NA,NA,NA,"2013","07","31",NA,"Brasil","Rio Grande do Sul","RS 158","-53.59769","-28.77884","-053.59769","-28.77884",NA,NA,NA,"Curz Alta",NA,NA,NA,NA,NA,NA,NA,NA,NA
"44","2017-12-05 15:17:24-02","PUCRS","MCP-MAMIFEROS","1842","S","Animalia",NA,NA,"Carnivora","Felidae","Leopardus","tigrinus","Leopardus tigrinus",NA,NA,NA,"2013","07","04",NA,"Brasil","Rio Grande do Sul","Estrada do Conde",NA,"-30.02655","-5130999","-30.02655",NA,NA,NA,"Guaíba",NA,"Macho",NA,NA,NA,NA,NA,NA,NA
"45","2017-12-05 15:17:24-02","PUCRS","MCP-MAMIFEROS","1811","S","Animalia",NA,NA,"Carnivora","Felidae","Leopardus","tigrinus","Leopardus tigrinus",NA,NA,NA,"2012","07","15",NA,"Brasil","Santa Catarina",NA,NA,"-28.206667","48' 40' 17''W","28°12' 24''S",NA,NA,NA,"Praia da Ribanceira,Imbituba",NA,"Macho",NA,NA,NA,NA,NA,NA,NA
"46","2017-12-05 15:17:24-02","PUCRS","MCP-MAMIFEROS","708","S","Animalia",NA,NA,"Carnivora","Felidae","Leopardus","tigrinus","Leopardus tigrinus",NA,NA,NA,"1996","07","06",NA,"Brasil","Rio Grande do Sul","Arroio Canoas","-51.4956016540527","-29.3768997192383",NA,NA,NA,NA,NA,"Barão","16855",NA,"auto",NA,NA,NA,NA,NA,NA
"47","2017-12-05 15:17:24-02","PUCRS","MCP-MAMIFEROS","843","S","Animalia",NA,NA,"Carnivora","Felidae","Leopardus","tigrinus","Leopardus tigrinus",NA,NA,NA,"2002","01","16",NA,"Brasil","Rio Grande do Sul","Zoológico de Cachoeira do Sul","-52.8939018249512","-30.0391998291016",NA,NA,NA,NA,NA,"Cachoeira do Sul","71201","Fêmea","auto",NA,NA,NA,NA,NA,NA
"48","2017-12-05 15:17:24-02","PUCRS","MCP-MAMIFEROS","793","S","Animalia",NA,NA,"Carnivora","Felidae","Leopardus","tigrinus","Leopardus tigrinus",NA,NA,NA,"2002","01","08",NA,"Brasil","Rio Grande do Sul","Zoológico de Cachoeira do Sul","-52.8939018249512","-30.0391998291016",NA,NA,NA,NA,NA,"Cachoeira do Sul","71201","Fêmea","auto",NA,NA,NA,NA,NA,NA
"49","2017-12-05 15:17:24-02","PUCRS","MCP-MAMIFEROS","1847","S","Animalia",NA,NA,"Carnivora","Felidae","Leopardus","tigrinus","Leopardus tigrinus",NA,NA,NA,"2013","02","22",NA,"Brasil","Rio Grande do Sul","Fazenda Souza","-51.1794013977051","-29.1681003570557",NA,NA,NA,NA,NA,"Caxias do Sul","49662","Fêmea","auto",NA,NA,NA,NA,NA,NA
"50","2017-12-05 15:17:24-02","PUCRS","MCP-MAMIFEROS","2024","S","Animalia",NA,NA,"Carnivora","Felidae","Leopardus","tigrinus","Leopardus tigrinus",NA,NA,NA,"1979","09","08",NA,"Brasil","Rio Grande do Sul","Fazenda Bela Vista","-52.521900177002","-30.5438995361328",NA,NA,NA,NA,NA,"Encruzilhada do Sul","62084",NA,"auto",NA,NA,NA,NA,NA,NA
"51","2017-12-05 15:17:24-02","PUCRS","MCP-MAMIFEROS","2025","S","Animalia",NA,NA,"Carnivora","Felidae","Leopardus","tigrinus","Leopardus tigrinus",NA,NA,NA,"1979","09","09",NA,"Brasil","Rio Grande do Sul","Fazenda Bela Vista","-52.521900177002","-30.5438995361328",NA,NA,NA,NA,NA,"Encruzilhada do Sul","62084",NA,"auto",NA,NA,NA,NA,NA,NA
"52","2017-12-05 15:17:24-02","PUCRS","MCP-MAMIFEROS","2026","S","Animalia",NA,NA,"Carnivora","Felidae","Leopardus","tigrinus","Leopardus tigrinus",NA,NA,NA,"1979","09","07",NA,"Brasil","Rio Grande do Sul","Fazenda Bela Vista","-52.521900177002","-30.5438995361328",NA,NA,NA,NA,NA,"Encruzilhada do Sul","62084",NA,"auto",NA,NA,NA,NA,NA,NA
"53","2017-12-05 15:17:24-02","PUCRS","MCP-MAMIFEROS","1792","S","Animalia",NA,NA,"Carnivora","Felidae","Leopardus","tigrinus","Leopardus tigrinus",NA,NA,NA,"2008","01","30",NA,"Brasil","Rio Grande do Sul","Estrada Costa Gama 1436, Belém Velho","-51.2299995422363","-30.0331001281738",NA,NA,NA,NA,NA,"Porto Alegre","29946","Macho","auto",NA,NA,NA,NA,NA,NA
"54","2017-12-05 15:17:24-02","PUCRS","MCP-MAMIFEROS","2074","S","Animalia",NA,NA,"Carnivora","Felidae","Leopardus","tigrinus","Leopardus tigrinus",NA,NA,NA,"1983","05","23",NA,"Brasil","Rio Grande do Sul","Zoológico","-51.1483001708984","-29.8246994018555",NA,NA,NA,NA,NA,"Sapucaia do Sul","7291","Fêmea","auto",NA,NA,NA,NA,NA,NA
"55","2017-12-05 15:17:24-02","PUCRS","MCP-MAMIFEROS","2072","S","Animalia",NA,NA,"Carnivora","Felidae","Leopardus","tigrinus","Leopardus tigrinus",NA,NA,NA,"1983","05","23",NA,"Brasil","Rio Grande do Sul","Zoológico","-51.1483001708984","-29.8246994018555",NA,NA,NA,NA,NA,"Sapucaia do Sul","7291","Fêmea","auto",NA,NA,NA,NA,NA,NA
"56","2017-12-05 15:17:24-02","PUCRS","MCP-MAMIFEROS","2076","S","Animalia",NA,NA,"Carnivora","Felidae","Leopardus","tigrinus","Leopardus tigrinus",NA,NA,NA,"1983","05","23",NA,"Brasil","Rio Grande do Sul","Zoológico","-51.1483001708984","-29.8246994018555",NA,NA,NA,NA,NA,"Sapucaia do Sul","7291","Macho","auto",NA,NA,NA,NA,NA,NA
"57","2017-12-05 15:17:24-02","PUCRS","MCP-MAMIFEROS","2075","S","Animalia",NA,NA,"Carnivora","Felidae","Leopardus","tigrinus","Leopardus tigrinus",NA,NA,NA,"1983","05","23",NA,"Brasil","Rio Grande do Sul","Zoológico","-51.1483001708984","-29.8246994018555",NA,NA,NA,NA,NA,"Sapucaia do Sul","7291","Macho","auto",NA,NA,NA,NA,NA,NA
"58","2015-03-30 16:48:18-03","MCN-PUC-MINAS","MCN-M","MCN-M 107","S","Animalia","Chordata","Mammalia","Carnivora","Felidae","Leopardus","tigrinus","Leopardus tigrinus",NA,NA,NA,"1989","01","08",NA,"Brasil","MG","Distrito de Tejuco","-44.3616981506348","-15.4881000518799",NA,NA,NA,NA,NA,"Januária","148972","M","auto","Pele: ok - aberta Crânio Pós-crânio",NA,NA,NA,NA,NA
"59","2007-10-08 14:05:02-03","UEL","MZUEL-MAMIFEROS","296","S","Animalia","Chordata","Mammalia","Carnivora","Felidae","Leopardus","tigrinus","Leopardus tigrinus",NA,"Sabrina F. Laurito",NA,"2000","01","24",NA,"Brasil","PR",NA,"-50.7411","-23.7275",NA,NA,NA,NA,"1","São Jerônimo da Serra","30511",NA,"auto",NA,"(Schreber, 1775)","2007","05","29",NA
"60","2019-10-03 11:21:45-03","MBML","MBML-MAMIFEROS","1771","PreservedSpecimen","Animalia",NA,NA,"Carnivora","Felidae","Leopardus","guttulus","Leopardus guttulus","M.G.Hoffmann","Vanir Antônio Margon",NA,"1992","01","24",NA,"Brasil","Espírito Santo","Vinte e Cinco de Julho","-40.600278","-19.935556","40º36'01W","19º56'08S","655",NA,NA,"Santa Teresa",NA,"Macho",NA,NA,NA,NA,NA,NA,"655"
"61","2019-10-03 11:21:45-03","MBML","MBML-MAMIFEROS","2069","PreservedSpecimen","Animalia",NA,NA,"Carnivora","Felidae","Leopardus","guttulus","Leopardus guttulus","Cristina Jaques da Cunha","F.Saager",NA,"1999","06","13",NA,"Brasil","Espírito Santo","Rio do Norte","-40.529722","-20.100556","40º31'47W","20º06'02S","16",NA,NA,"Santa Leopoldina",NA,"Macho",NA,NA,NA,NA,NA,NA,"16"
"62","2019-10-03 11:21:45-03","MBML","MBML-MAMIFEROS","1957","PreservedSpecimen","Animalia",NA,NA,"Carnivora","Felidae","Leopardus","guttulus","Leopardus guttulus","Cristina Jaques da Cunha","S.L.Mendes",NA,"1997","01","01",NA,"Brasil","Minas Gerais","BR 262. Próximo a divisa MG/ES","-41.868333","-20.433333","41º52'06W","20º26'00S","1000",NA,NA,"Alto Caparaó",NA,"Fêmea",NA,NA,NA,NA,NA,NA,"1000"
"63","2019-10-03 11:21:45-03","MBML","MBML-MAMIFEROS","1837","PreservedSpecimen","Animalia",NA,NA,"Carnivora","Felidae","Leopardus","guttulus","Leopardus guttulus","S.L.Mendes","S.L.Mendes",NA,"1995","05","29",NA,"Brasil","Espírito Santo","Reserva Florestal da CVRD. Final da estrada do Paraju","-40.072222","-19.391111","40º04'20W","19º23'28S","33",NA,NA,"Linhares",NA,NA,NA,NA,NA,NA,NA,NA,"33"
"64","2019-10-03 11:21:45-03","MBML","MBML-MAMIFEROS","2418","PreservedSpecimen","Animalia",NA,NA,"Carnivora","Felidae","Leopardus","guttulus","Leopardus guttulus","Cristina Jaques da Cunha","J.I.Aleixo",NA,"2001","03","11",NA,"Brasil","Espírito Santo","Santa Lúcia. Rodovia Josil Espíndula. km20","-40.600278","-19.935556","40º36'01W","19º56'08S","655",NA,NA,"Santa Teresa",NA,"Macho",NA,NA,NA,NA,NA,NA,"655"
"65","2019-10-03 11:21:45-03","MBML","MBML-MAMIFEROS","2452","PreservedSpecimen","Animalia",NA,NA,"Carnivora","Felidae","Leopardus","guttulus","Leopardus guttulus","Cristina Jaques da Cunha","R.L.Teixeira",NA,"2002","09","18",NA,"Brasil","Espírito Santo","Serra do Mamão","-40.656944","-19.738889","40º39'25W","19º44'20S","120",NA,NA,"São Roque do Canaã",NA,"Macho",NA,NA,NA,NA,NA,NA,"120"
"66","2019-10-03 11:21:45-03","MBML","MBML-MAMIFEROS","314","PreservedSpecimen","Animalia",NA,NA,"Carnivora","Felidae","Leopardus","guttulus","Leopardus guttulus","Cristina Jaques da Cunha","Moraes",NA,"1990","12","02",NA,"Brasil","Espírito Santo","Rio Bonito. Aparecidinha. Estrada para o Radar Sindacta.","-40.600278","-19.935556","40º36'01W","19º56'08S","655",NA,NA,"Santa Teresa",NA,"Fêmea",NA,NA,NA,NA,NA,NA,"655"
"67","2019-10-03 11:21:45-03","MBML","MBML-MAMIFEROS","279","PreservedSpecimen","Animalia",NA,NA,"Carnivora","Felidae","Leopardus","guttulus","Leopardus guttulus","W.A.Hoffmann",NA,NA,"1954","03","06",NA,"Brasil","Espírito Santo","Nova Lombardia","-40.600278","-19.935556","40º36'01W","19º56'08S","655",NA,NA,"Santa Teresa",NA,"Fêmea",NA,NA,NA,NA,NA,NA,"655"
"68","2019-10-03 11:21:45-03","MBML","MBML-MAMIFEROS","2028","PreservedSpecimen","Animalia",NA,NA,"Carnivora","Felidae","Leopardus","guttulus","Leopardus guttulus","Cristina Jaques da Cunha","Eduardo Negri Oliveira",NA,"1998","10","23",NA,"Brasil","Espírito Santo","Santa Lúcia. Rodovia Josil Espíndula. Km17","-40.600278","-19.935556","40º36'01W","19º56'08S","655",NA,NA,"Santa Teresa",NA,NA,NA,NA,NA,NA,NA,NA,"655"
"69","2019-10-03 11:21:45-03","MBML","MBML-MAMIFEROS","216","PreservedSpecimen","Animalia",NA,NA,"Carnivora","Felidae","Leopardus","guttulus","Leopardus guttulus","M.Passamani","C.Rocha",NA,"1988","01","01",NA,"Brasil","Espírito Santo","Proveniente de cativeiro.","-40.630556","-19.539444","40º37'50W","19º32'22S","86",NA,NA,"Colatina",NA,"Macho",NA,NA,NA,NA,NA,NA,"86"
"70","2019-10-03 11:21:45-03","MBML","MBML-MAMIFEROS","395","PreservedSpecimen","Animalia",NA,NA,"Carnivora","Felidae","Leopardus","guttulus","Leopardus guttulus","Cristina Jaques da Cunha","Gustavo Tomazelli",NA,"1991","01","01",NA,"Brasil","Espírito Santo","Bairro do Eco","-40.600278","-19.935556","40º36'01W","19º56'08S","655",NA,NA,"Santa Teresa",NA,"Fêmea",NA,NA,NA,NA,NA,NA,"655"
"71","2019-10-03 11:21:45-03","MBML","MBML-MAMIFEROS","3021","PreservedSpecimen","Animalia",NA,NA,"Carnivora","Felidae","Leopardus","guttulus","Leopardus guttulus","Cristina Jaques da Cunha",NA,NA,NA,NA,NA,NA,"Brasil","Minas Gerais",NA,"-42.133889","-19.790278","42° 08' 02W","19° 47' 25S","614",NA,NA,"Caratinga",NA,NA,NA,NA,NA,NA,NA,NA,"614"
"72","2019-10-03 11:21:45-03","MBML","MBML-MAMIFEROS","3509","PreservedSpecimen","Animalia",NA,NA,"Carnivora","Felidae","Leopardus","guttulus","Leopardus guttulus","Cristina Jaques da Cunha","M.B.N. da Silva",NA,"2009","02","01",NA,"Brasil","Espírito Santo","Próximo a cachoeira do Country Club","-40.635833","-19.926111","40° 38' 09W","19° 55' 34S","739",NA,NA,"Santa Teresa",NA,"Macho",NA,NA,NA,NA,NA,NA,"739"
"73","2019-07-12 14:51:29-03","UPF","CMUPF","27","S","Animalia",NA,NA,"Carnivora","Felidae","Leopardus","tigrinus","Leopardus tigrinus","Noeli Zanella","GRANDO, João",NA,"2008","06","04",NA,"Brasil","Rio Grande do Sul","BR 285, trevo bairro Vera Cruz, PF. RS","-52.4067001342773","-28.2628002166748",NA,NA,NA,NA,NA,"Passo Fundo","25060",NA,"auto","Atropelado <ll>dwc_commonname:</ll> Gato-do-mato-pequeno","(Schreber, 1775)","2008","06","09",NA
"74","2008-07-08 00:00:00-03","FAPESP","SINBIOTA","18661","PreservedSpecimen","Animalia","Chordata","Mammalia","Carnivora","Felidae","Leopardus","tigrinus","Leopardus tigrinus",NA,"MZUSP",NA,NA,NA,NA,"South America","Brazil","SP",NA,"-51.867802","-21.2278",NA,NA,NA,NA,NA,NA,NA,NA,NA,NA,NA,NA,NA,NA,NA
"75","2008-06-24 00:00:00-03","FAPESP","SINBIOTA","18484","PreservedSpecimen","Animalia","Chordata","Mammalia","Carnivora","Felidae","Leopardus","tigrinus","Leopardus tigrinus",NA,"MZUSP",NA,NA,NA,NA,"South America","Brazil","SP",NA,"-49.7425","-21.6786",NA,NA,NA,NA,NA,NA,NA,NA,NA,NA,NA,NA,NA,NA,NA
"76","2008-06-17 00:00:00-03","FAPESP","SINBIOTA","18368","PreservedSpecimen","Animalia","Chordata","Mammalia","Carnivora","Felidae","Leopardus","tigrinus","Leopardus tigrinus",NA,"MZUSP",NA,NA,NA,NA,"South America","Brazil","SP",NA,"-48.010601","-23.015301",NA,NA,NA,NA,NA,NA,NA,NA,NA,NA,NA,NA,NA,NA,NA
"77","2008-06-19 00:00:00-03","FAPESP","SINBIOTA","18389","PreservedSpecimen","Animalia","Chordata","Mammalia","Carnivora","Felidae","Leopardus","tigrinus","Leopardus tigrinus",NA,"MZUSP",NA,NA,NA,NA,"South America","Brazil","SP",NA,"-48.313301","-22.1131",NA,NA,NA,NA,NA,NA,NA,NA,NA,NA,NA,NA,NA,NA,NA
"78","2008-06-19 00:00:00-03","FAPESP","SINBIOTA","18400","PreservedSpecimen","Animalia","Chordata","Mammalia","Carnivora","Felidae","Leopardus","tigrinus","Leopardus tigrinus",NA,"MZUSP",NA,NA,NA,NA,"South America","Brazil","SP",NA,"-47.400799","-20.538601",NA,NA,NA,NA,NA,NA,NA,NA,NA,NA,NA,NA,NA,NA,NA
"79","2008-06-19 00:00:00-03","FAPESP","SINBIOTA","18416","PreservedSpecimen","Animalia","Chordata","Mammalia","Carnivora","Felidae","Leopardus","tigrinus","Leopardus tigrinus",NA,"MZUSP",NA,NA,NA,NA,"South America","Brazil","SP",NA,"-47.555302","-24.708099",NA,NA,NA,NA,NA,NA,NA,NA,NA,NA,NA,NA,NA,NA,NA
"80","2008-06-23 00:00:00-03","FAPESP","SINBIOTA","18466","PreservedSpecimen","Animalia","Chordata","Mammalia","Carnivora","Felidae","Leopardus","tigrinus","Leopardus tigrinus",NA,"MZUSP",NA,NA,NA,NA,"South America","Brazil","SP",NA,"-49.340801","-24.115",NA,NA,NA,NA,NA,NA,NA,NA,NA,NA,NA,NA,NA,NA,NA
"81","2008-06-24 00:00:00-03","FAPESP","SINBIOTA","18468","PreservedSpecimen","Animalia","Chordata","Mammalia","Carnivora","Felidae","Leopardus","tigrinus","Leopardus tigrinus",NA,"MZUSP",NA,NA,NA,NA,"South America","Brazil","SP",NA,"-47.780602","-20.5061",NA,NA,NA,NA,NA,NA,NA,NA,NA,NA,NA,NA,NA,NA,NA
"82","2005-09-14 00:00:00-03","FAPESP","SINBIOTA","10442","HumanObservation","Animalia","Chordata","Mammalia","Carnivora","Felidae","Leopardus","tigrinus","Leopardus tigrinus",NA,"Graziela Dotta",NA,NA,NA,NA,"South America","Brazil","SP",NA,"-47.7635","-22.264",NA,NA,NA,NA,NA,NA,NA,NA,NA,NA,NA,NA,NA,NA,NA
"83","2008-06-23 00:00:00-03","FAPESP","SINBIOTA","18457","PreservedSpecimen","Animalia","Chordata","Mammalia","Carnivora","Felidae","Leopardus","tigrinus","Leopardus tigrinus",NA,"MZUSP",NA,NA,NA,NA,"South America","Brazil","SP",NA,"-48.838901","-23.0058",NA,NA,NA,NA,NA,NA,NA,NA,NA,NA,NA,NA,NA,NA,NA
"84","2005-09-14 00:00:00-03","FAPESP","SINBIOTA","10445","HumanObservation","Animalia","Chordata","Mammalia","Carnivora","Felidae","Leopardus","tigrinus","Leopardus tigrinus",NA,"Graziela Dotta",NA,NA,NA,NA,"South America","Brazil","SP",NA,"-47.764801","-22.4235",NA,NA,NA,NA,NA,NA,NA,NA,NA,NA,NA,NA,NA,NA,NA
"85","2005-09-14 00:00:00-03","FAPESP","SINBIOTA","10454","HumanObservation","Animalia","Chordata","Mammalia","Carnivora","Felidae","Leopardus","tigrinus","Leopardus tigrinus",NA,"Graziela Dotta",NA,NA,NA,NA,"South America","Brazil","SP",NA,"-47.7118","-22.2449",NA,NA,NA,NA,NA,NA,NA,NA,NA,NA,NA,NA,NA,NA,NA
"86","2006-08-31 00:00:00-03","FAPESP","SINBIOTA","17151","HumanObservation","Animalia","Chordata","Mammalia","Carnivora","Felidae","Leopardus","tigrinus","Leopardus tigrinus",NA,"Prof. Dr. José M. B. Duarte (Com. pess. 15/12/2003) e Equipe Técnica do DEPRN de Bauru¹.",NA,NA,NA,NA,"South America","Brazil","SP",NA,"-49","-22.2167",NA,NA,NA,NA,NA,NA,NA,NA,NA,NA,NA,NA,NA,NA,NA
"87","2006-08-31 00:00:00-03","FAPESP","SINBIOTA","17152","HumanObservation","Animalia","Chordata","Mammalia","Carnivora","Felidae","Leopardus","tigrinus","Leopardus tigrinus",NA,"Prof. Dr. José M. B. Duarte (Com. pess. 15/12/2003) e Equipe Técnica do DEPRN de Bauru¹.",NA,NA,NA,NA,"South America","Brazil","SP",NA,"-48.9333","-22.133301",NA,NA,NA,NA,NA,NA,NA,NA,NA,NA,NA,NA,NA,NA,NA
"88","2006-08-31 00:00:00-03","FAPESP","SINBIOTA","17153","HumanObservation","Animalia","Chordata","Mammalia","Carnivora","Felidae","Leopardus","tigrinus","Leopardus tigrinus",NA,"Prof. Dr. José M. B. Duarte (Com. pess. 15/12/2003) e Equipe Técnica do DEPRN de Bauru¹.",NA,NA,NA,NA,"South America","Brazil","SP",NA,"-49.033299","-22.0833",NA,NA,NA,NA,NA,NA,NA,NA,NA,NA,NA,NA,NA,NA,NA
"89","2006-08-31 00:00:00-03","FAPESP","SINBIOTA","17154","HumanObservation","Animalia","Chordata","Mammalia","Carnivora","Felidae","Leopardus","tigrinus","Leopardus tigrinus",NA,"Prof. Dr. José M. B. Duarte (Com. pess. 15/12/2003) e Equipe Técnica do DEPRN de Bauru¹.",NA,NA,NA,NA,"South America","Brazil","SP",NA,"-49.1833","-21.983299",NA,NA,NA,NA,NA,NA,NA,NA,NA,NA,NA,NA,NA,NA,NA
"90","2006-08-31 00:00:00-03","FAPESP","SINBIOTA","17155","HumanObservation","Animalia","Chordata","Mammalia","Carnivora","Felidae","Leopardus","tigrinus","Leopardus tigrinus",NA,"Prof. Dr. José M. B. Duarte (Com. pess. 15/12/2003) e Equipe Técnica do DEPRN de Bauru¹.",NA,NA,NA,NA,"South America","Brazil","SP",NA,"-49.166699","-22.116699",NA,NA,NA,NA,NA,NA,NA,NA,NA,NA,NA,NA,NA,NA,NA
"91","2006-08-31 00:00:00-03","FAPESP","SINBIOTA","17156","HumanObservation","Animalia","Chordata","Mammalia","Carnivora","Felidae","Leopardus","tigrinus","Leopardus tigrinus",NA,"Prof. Dr. José M. B. Duarte (Com. pess. 15/12/2003) e Equipe Técnica do DEPRN de Bauru¹.",NA,NA,NA,NA,"South America","Brazil","SP",NA,"-49.099998","-22.1",NA,NA,NA,NA,NA,NA,NA,NA,NA,NA,NA,NA,NA,NA,NA
"92","2006-09-08 00:00:00-03","FAPESP","SINBIOTA","17263","HumanObservation","Animalia","Chordata","Mammalia","Carnivora","Felidae","Leopardus","tigrinus","Leopardus tigrinus",NA,"Prof. Dr. José M. B. Duarte (Com. pess. 15/12/2003) e Equipe Técnica do DEPRN de Bauru¹.",NA,NA,NA,NA,"South America","Brazil","SP",NA,"-48.916699","-22.5",NA,NA,NA,NA,NA,NA,NA,NA,NA,NA,NA,NA,NA,NA,NA
"93","2006-09-08 00:00:00-03","FAPESP","SINBIOTA","17264","HumanObservation","Animalia","Chordata","Mammalia","Carnivora","Felidae","Leopardus","tigrinus","Leopardus tigrinus",NA,"Prof. Dr. José M. B. Duarte (Com. pess. 15/12/2003) e Equipe Técnica do DEPRN de Bauru¹.",NA,NA,NA,NA,"South America","Brazil","SP",NA,"-48.900002","-22.4667",NA,NA,NA,NA,NA,NA,NA,NA,NA,NA,NA,NA,NA,NA,NA
"94","2006-09-04 00:00:00-03","FAPESP","SINBIOTA","17265","HumanObservation","Animalia","Chordata","Mammalia","Carnivora","Felidae","Leopardus","tigrinus","Leopardus tigrinus",NA,"Prof. Dr. José M. B. Duarte (Com. pess. 15/12/2003) e Equipe Técnica do DEPRN de Bauru¹.",NA,NA,NA,NA,"South America","Brazil","SP",NA,"-48.900002","-22.4667",NA,NA,NA,NA,NA,NA,NA,NA,NA,NA,NA,NA,NA,NA,NA
"95","2006-10-05 00:00:00-03","FAPESP","SINBIOTA","17300","HumanObservation","Animalia","Chordata","Mammalia","Carnivora","Felidae","Leopardus","tigrinus","Leopardus tigrinus",NA,"Prof. Dr. José M. B. Duarte (Com. pess. 15/12/2003); MORELLATO, L. P. C. (1992); Equipe Técnica do DEPRN de Jundai¹.",NA,NA,NA,NA,"South America","Brazil","SP",NA,"-46.983299","-23.2833",NA,NA,NA,NA,NA,NA,NA,NA,NA,NA,NA,NA,NA,NA,NA
"96","2006-10-05 00:00:00-03","FAPESP","SINBIOTA","17301","HumanObservation","Animalia","Chordata","Mammalia","Carnivora","Felidae","Leopardus","tigrinus","Leopardus tigrinus",NA,"Prof. Dr. José M. B. Duarte (Com. pess. 15/12/2003); MORELLATO, L. P. C. (1992); Equipe Técnica do DEPRN de Jundai¹.",NA,NA,NA,NA,"South America","Brazil","SP",NA,"-46.883301","-23.200001",NA,NA,NA,NA,NA,NA,NA,NA,NA,NA,NA,NA,NA,NA,NA
"97","2006-10-04 00:00:00-03","FAPESP","SINBIOTA","17303","HumanObservation","Animalia","Chordata","Mammalia","Carnivora","Felidae","Leopardus","tigrinus","Leopardus tigrinus",NA,"Aves da Serra da Cantareira [on line]; Ricsan Ltda (1992) - RIMA; SILVA, E. F. S. (1990); Equipe Técnica do DEPRN da Cantareira¹.",NA,NA,NA,NA,"South America","Brazil","SP",NA,"-46.349998","-23.266701",NA,NA,NA,NA,NA,NA,NA,NA,NA,NA,NA,NA,NA,NA,NA
"98","2008-06-12 00:00:00-03","FAPESP","SINBIOTA","18338","PreservedSpecimen","Animalia","Chordata","Mammalia","Carnivora","Felidae","Leopardus","tigrinus","Leopardus tigrinus",NA,"MZUSP",NA,NA,NA,NA,"South America","Brazil","SP",NA,"-46.541901","-22.9186",NA,NA,NA,NA,NA,NA,NA,NA,NA,NA,NA,NA,NA,NA,NA
"99","2008-06-12 00:00:00-03","FAPESP","SINBIOTA","18343","PreservedSpecimen","Animalia","Chordata","Mammalia","Carnivora","Felidae","Leopardus","tigrinus","Leopardus tigrinus",NA,"MZUSP",NA,NA,NA,NA,"South America","Brazil","SP",NA,"-45.5914","-22.739401",NA,NA,NA,NA,NA,NA,NA,NA,NA,NA,NA,NA,NA,NA,NA
"100","2008-06-26 00:00:00-03","FAPESP","SINBIOTA","18535","PreservedSpecimen","Animalia","Chordata","Mammalia","Carnivora","Felidae","Leopardus","tigrinus","Leopardus tigrinus",NA,"MZUSP",NA,NA,NA,NA,"South America","Brazil","SP",NA,"-46.059399","-23.802799",NA,NA,NA,NA,NA,NA,NA,NA,NA,NA,NA,NA,NA,NA,NA
"101","2008-06-26 00:00:00-03","FAPESP","SINBIOTA","18546","PreservedSpecimen","Animalia","Chordata","Mammalia","Carnivora","Felidae","Leopardus","tigrinus","Leopardus tigrinus",NA,"MZUSP",NA,NA,NA,NA,"South America","Brazil","SP",NA,"-47.427799","-23.711901",NA,NA,NA,NA,NA,NA,NA,NA,NA,NA,NA,NA,NA,NA,NA
"102","2008-06-30 00:00:00-03","FAPESP","SINBIOTA","18584","PreservedSpecimen","Animalia","Chordata","Mammalia","Carnivora","Felidae","Leopardus","tigrinus","Leopardus tigrinus",NA,"MZUSP",NA,NA,NA,NA,"South America","Brazil","SP",NA,"-48.3908","-21.9925",NA,NA,NA,NA,NA,NA,NA,NA,NA,NA,NA,NA,NA,NA,NA
"103","2008-07-01 00:00:00-03","FAPESP","SINBIOTA","18628","PreservedSpecimen","Animalia","Chordata","Mammalia","Carnivora","Felidae","Leopardus","tigrinus","Leopardus tigrinus",NA,"MZUSP",NA,NA,NA,NA,"South America","Brazil","SP",NA,"-46.6339","-23.550301",NA,NA,NA,NA,NA,NA,NA,NA,NA,NA,NA,NA,NA,NA,NA
"104","2008-07-01 00:00:00-03","FAPESP","SINBIOTA","18644","PreservedSpecimen","Animalia","Chordata","Mammalia","Carnivora","Felidae","Leopardus","tigrinus","Leopardus tigrinus",NA,"MZUSP",NA,NA,NA,NA,"South America","Brazil","SP",NA,"-47.75","-24.834999",NA,NA,NA,NA,NA,NA,NA,NA,NA,NA,NA,NA,NA,NA,NA
"105","2008-07-07 00:00:00-03","FAPESP","SINBIOTA","18653","PreservedSpecimen","Animalia","Chordata","Mammalia","Carnivora","Felidae","Leopardus","tigrinus","Leopardus tigrinus",NA,"MZUSP",NA,NA,NA,NA,"South America","Brazil","SP",NA,"-45.070801","-23.433901",NA,NA,NA,NA,NA,NA,NA,NA,NA,NA,NA,NA,NA,NA,NA
"106","2014-12-09 00:00:00-02","FAPESP","SINBIOTA","21136","HumanObservation","Animalia","Chordata","Mammalia","Carnivora","Felidae","Leopardus","tigrinus","Leopardus tigrinus",NA,"Bruno Henrique Saranholi",NA,NA,NA,NA,"South America","Brazil","SP",NA,"-49.686284","-22.42061",NA,NA,NA,NA,NA,NA,NA,NA,NA,NA,NA,NA,NA,NA,NA
"107","2014-12-09 00:00:00-02","FAPESP","SINBIOTA","21136","HumanObservation","Animalia","Chordata","Mammalia","Carnivora","Felidae","Leopardus","tigrinus","Leopardus tigrinus",NA,"Bruno Henrique Saranholi",NA,NA,NA,NA,"South America","Brazil","SP",NA,"-49.686284","-22.42061",NA,NA,NA,NA,NA,NA,NA,NA,NA,NA,NA,NA,NA,NA,NA
"108","2014-12-09 00:00:00-02","FAPESP","SINBIOTA","21136","HumanObservation","Animalia","Chordata","Mammalia","Carnivora","Felidae","Leopardus","tigrinus","Leopardus tigrinus",NA,"Bruno Henrique Saranholi",NA,NA,NA,NA,"South America","Brazil","SP",NA,"-49.686284","-22.42061",NA,NA,NA,NA,NA,NA,NA,NA,NA,NA,NA,NA,NA,NA,NA
"109","2021-01-07 16:18:19-03","UNICAMP","ZUEC-MAM","1523","PreservedSpecimen","Animalia","Chordata","Mammalia","Carnivora","Felidae","Leopardus","guttulus","Leopardus guttulus",NA,"Paiva, C.L.",NA,"1987","03","13",NA,"Brasil","São Paulo",NA,"-47.4","-22.56","47W24'00''","22S33'36''",NA,NA,"Pele","Limeira",NA,NA,NA,"Georreferenciado utilizando a ferramenta data cleaning/geoLoc <U+0096> CRIA/fonte municípios do IBGE- Reg.093",NA,NA,NA,NA,NA
"110","2021-01-07 16:18:22-03","UNICAMP","ZUEC-MAM","1784","PreservedSpecimen","Animalia","Chordata","Mammalia","Carnivora","Felidae","Leopardus","guttulus","Leopardus guttulus",NA,"Emygdio Leite de Araujo Monteiro Filho",NA,"1994","09","24",NA,"Brasil","São Paulo","Rod. Campinas-Mogi Mirim","-47.06",NA,"47W03'36''","22S53'60''",NA,NA,"Pele e Crânio","Campinas",NA,"M",NA,"Georreferenciado utilizando a ferramenta data cleaning/geoLoc <U+0096> CRIA/fonte municípios do IBGE",NA,NA,NA,NA,NA
"111","2021-01-07 16:18:29-03","UNICAMP","ZUEC-MAM","2384","PreservedSpecimen","Animalia","Chordata","Mammalia","Carnivora","Felidae","Leopardus","guttulus","Leopardus guttulus",NA,"L. Henrique",NA,"2004","04","22",NA,"Brasil","São Paulo","Serra do Mar, Pista Sul SP-125 Km 41 + 800","-46.33","-23.96","46W19'48''","23S57'36''",NA,NA,"Pele","Santos",NA,"M",NA,"Georreferenciado utilizando a ferramenta data cleaning/geoLoc <U+0096> CRIA/fonte municípios do IBGE- Atropelado",NA,NA,NA,NA,NA
"112","2021-01-07 16:18:22-03","UNICAMP","ZUEC-MAM","1793","PreservedSpecimen","Animalia","Chordata","Mammalia","Carnivora","Felidae","Leopardus","guttulus","Leopardus guttulus",NA,"Kátia Facure",NA,"1993","08","23",NA,"Brasil","São Paulo",NA,"-46.549722222222","-23.110277777778","46W32'59''","23S06'37''",NA,NA,"Pele e Crânio","Atibaia",NA,"F",NA,"Georreferenciado utilizando a ferramenta data cleaning/geoLoc <U+0096> CRIA/fonte municípios do IBGE",NA,NA,NA,NA,NA
"113","2021-01-07 16:18:27-03","UNICAMP","ZUEC-MAM","2178","PreservedSpecimen","Animalia","Chordata","Mammalia","Carnivora","Felidae","Leopardus","guttulus","Leopardus guttulus",NA,"José Perez Pombal Júnior",NA,NA,NA,NA,NA,"Brasil","Minas Gerais","Estrada da cidade de Guarujá","-46.712777777778","-21.305555555556","46W42'46","21S18'20",NA,NA,"Pele e Crânio","Guaxupé",NA,"M",NA,"Georreferenciado utilizando a ferramenta data cleaning/geoLoc <U+0096> CRIA/fonte municípios do IBGE",NA,NA,NA,NA,NA
"114","2021-01-07 16:18:34-03","UNICAMP","ZUEC-MAM","2627","PreservedSpecimen","Animalia","Chordata","Mammalia","Carnivora","Felidae","Leopardus","guttulus","Leopardus guttulus","Peter Crawshaw Júnior","Silmara Marques Allegretti",NA,"2011","10","11",NA,"Brasil","São Paulo","Próximo à faculdade de Engenharia Química da Unicamp","-47.060001373291","-22.8999996185303",NA,NA,NA,NA,"Pele e crânio desarticulado","Campinas","23900","M","auto",NA,NA,"2013","04","12",NA
"115","2021-01-07 16:18:16-03","UNICAMP","ZUEC-MAM","1297","PreservedSpecimen","Animalia","Chordata","Mammalia","Carnivora","Felidae","Leopardus","guttulus","Leopardus guttulus",NA,"Emygdio Leite de Araujo Monteiro Filho",NA,"1989","06","24",NA,"Brasil","São Paulo","Rodovia Campinas - Mogi Mirim","-47.06",NA,"47W03'36''","22S53'60''",NA,NA,"Pele e Mandíbula","Campinas",NA,"M",NA,"Georreferenciado utilizando a ferramenta data cleaning/geoLoc <U+0096> CRIA/fonte municípios do IBGE- Encontrado morto na estrada",NA,NA,NA,NA,NA
"116","2021-01-07 16:18:24-03","UNICAMP","ZUEC-MAM","1965","PreservedSpecimen","Animalia","Chordata","Mammalia","Carnivora","Felidae","Leopardus","tigrinus","Leopardus tigrinus",NA,"Sampaio, W. L.",NA,NA,NA,NA,NA,"Brasil","Bahia",NA,"-39.455277777778","-13.048055555556","39W27'19''","13S02'53''",NA,NA,"Pele","São Miguel das Matas",NA,NA,NA,"Georreferenciado utilizando a ferramenta data cleaning/geoLoc <U+0096> CRIA/fonte municípios do IBGE",NA,NA,NA,NA,NA
"117","2015-03-23 16:03:13-03","UNEMAT","CM","CM552","S","Animalia","Chordata","Mammalia","Carnivora","Felidae","Leopardus","tigrinus","Leopardus tigrinus",NA,"Oliveira, J. M.","-","2010","06","21","América do Sul","Brasil","MT","Br 158 Km 620","-52.1586","-14.05",NA,NA,NA,"seca",NA,"Água Boa","108287","M","auto","Habitat: Área alterada; Obs: Atropelado na BR 158",NA,NA,NA,NA,NA
"118","2015-04-15 15:18:42-03","UNEMAT","CM","CM568","S","Animalia","Chordata","Mammalia","Carnivora","Felidae","Leopardus","tigrinus","Leopardus tigrinus",NA,"Pires, T.","-","2011","06","07","América do Sul","Brasil","MT","Br 158 km 678 (Córrego Capitão Décio)","-52.296444","-14.830306","52° 17' 47,2 W","14° 49' 49,1 S",NA,"seca",NA,"Barra do Garças",NA,"M",NA,"Obs: Atropelado na Ponte Capitão Décio, na margem direita (Divisa N. X. / B. Garças).",NA,NA,NA,NA,NA
