species,date_of_search,family,lon,lat,year,country
Leopardus geoffroyi,2021-05-04,Felidae,-52.8939018249512,-30.0391998291016,2000,Brasil
Leopardus geoffroyi,2021-05-04,Felidae,-55.5327987670898,-30.8908004760742,2014,Brasil
Leopardus geoffroyi,2021-05-04,Felidae,-55.5327987670898,-30.8908004760742,2015,Brasil
Leopardus geoffroyi,2021-05-04,Felidae,-54.3199996948242,-30.3363990783691,2012,Brasil
Leopardus geoffroyi,2021-05-04,Felidae,-54.3199996948242,-30.3363990783691,2013,Brasil
Leopardus geoffroyi,2021-05-04,Felidae,-52.354722,-30.185861,2010,Brasil
Leopardus geoffroyi,2021-05-04,Felidae,-52.835,-32.01,2010,Brasil
Leopardus geoffroyi,2021-05-04,Felidae,-54.686583,-30.229111,2012,Brasil
Leopardus geoffroyi,2021-05-04,Felidae,NA,-30.22155,2013,Brasil
Leopardus geoffroyi,2021-05-04,Felidae,NA,-30.076972,2014,Brasil
Leopardus geoffroyi,2021-05-04,Felidae,NA,-30.069444,2014,Brasil
Leopardus geoffroyi,2021-05-04,Felidae,-53.466389,-31.528889,2014,Brasil
Leopardus geoffroyi,2021-05-04,Felidae,-55.566944,-30.060278,2014,Brasil
Leopardus geoffroyi,2021-05-04,Felidae,-51.572778,-30.666111,2014,Brasil
Leopardus geoffroyi,2021-05-04,Felidae,-51.167306,-30.008333,2014,Brasil
Leopardus geoffroyi,2021-05-04,Felidae,NA,-30.790278,2014,Brasil
Leopardus geoffroyi,2021-05-04,Felidae,NA,-30.790278,2014,Brasil
Leopardus geoffroyi,2021-05-04,Felidae,NA,-30.23994,2013,Brasil
Leopardus geoffroyi,2021-05-04,Felidae,NA,-30.230469,2014,Brasil
Leopardus geoffroyi,2021-05-04,Felidae,NA,-30.146944,2015,Brasil
Leopardus geoffroyi,2021-05-04,Felidae,-51.624722,NA,2015,Brasil
Leopardus geoffroyi,2021-05-04,Felidae,-51.4956016540527,-29.3768997192383,1996,Brasil
Leopardus geoffroyi,2021-05-04,Felidae,-53.4914016723633,-30.5121994018555,2013,Brasil
Leopardus geoffroyi,2021-05-04,Felidae,-52.8939018249512,-30.0391998291016,NA,Brasil
Leopardus geoffroyi,2021-05-04,Felidae,-51.812198638916,-30.8511009216309,NA,Brasil
Leopardus geoffroyi,2021-05-04,Felidae,-51.5036010742188,-29.2975006103516,2002,Brasil
Leopardus geoffroyi,2021-05-04,Felidae,-54.6730995178223,-30.9827995300293,NA,Brasil
Leopardus geoffroyi,2021-05-04,Felidae,-52.3424987792969,-31.771900177002,NA,Brasil
Leopardus geoffroyi,2021-05-04,Felidae,-56.4514007568359,-30.3875007629395,2012,Brasil
Leopardus geoffroyi,2021-05-04,Felidae,-51.3958015441895,-30.6732997894287,2014,Brasil
Leopardus guttulus,2021-05-04,Felidae,-40.600278,-19.935556,1992,Brasil
Leopardus guttulus,2021-05-04,Felidae,-40.529722,-20.100556,1999,Brasil
Leopardus guttulus,2021-05-04,Felidae,-41.868333,-20.433333,1997,Brasil
Leopardus guttulus,2021-05-04,Felidae,-40.072222,-19.391111,1995,Brasil
Leopardus guttulus,2021-05-04,Felidae,-40.600278,-19.935556,2001,Brasil
Leopardus guttulus,2021-05-04,Felidae,-40.656944,-19.738889,2002,Brasil
Leopardus guttulus,2021-05-04,Felidae,-40.600278,-19.935556,1990,Brasil
Leopardus guttulus,2021-05-04,Felidae,-40.600278,-19.935556,1954,Brasil
Leopardus guttulus,2021-05-04,Felidae,-40.600278,-19.935556,1998,Brasil
Leopardus guttulus,2021-05-04,Felidae,-40.630556,-19.539444,1988,Brasil
Leopardus guttulus,2021-05-04,Felidae,-40.600278,-19.935556,1991,Brasil
Leopardus guttulus,2021-05-04,Felidae,-42.133889,-19.790278,NA,Brasil
Leopardus guttulus,2021-05-04,Felidae,-40.635833,-19.926111,2009,Brasil
Leopardus guttulus,2021-05-04,Felidae,-47.4,-22.56,1987,Brasil
Leopardus guttulus,2021-05-04,Felidae,-47.06,NA,1994,Brasil
Leopardus guttulus,2021-05-04,Felidae,-46.33,-23.96,2004,Brasil
Leopardus guttulus,2021-05-04,Felidae,-46.549722222222,-23.110277777778,1993,Brasil
Leopardus guttulus,2021-05-04,Felidae,-46.712777777778,-21.305555555556,NA,Brasil
Leopardus guttulus,2021-05-04,Felidae,-47.060001373291,-22.8999996185303,2011,Brasil
Leopardus guttulus,2021-05-04,Felidae,-47.06,NA,1989,Brasil
Leopardus jacobita,2021-05-04,NA,NA,NA,NA,NA
Leopardus tigrinus,2021-05-04,Felidae,-66.87,10.55,1965,Venezuela
Leopardus tigrinus,2021-05-04,Felidae,-62.37,7.18,1966,Venezuela
Leopardus tigrinus,2021-05-04,Felidae,-52.521900177002,-30.5438995361328,1979,Brasil
Leopardus tigrinus,2021-05-04,Felidae,-53.7647018432617,-29.6096992492676,2012,Brasil
Leopardus tigrinus,2021-05-04,Felidae,-51.1483001708984,-29.8246994018555,1983,Brasil
Leopardus tigrinus,2021-05-04,Felidae,-51.1483001708984,-29.8246994018555,1983,Brasil
Leopardus tigrinus,2021-05-04,Felidae,-51.087389,-29.172611,2012,Brasil
Leopardus tigrinus,2021-05-04,Felidae,-54.854503,-28.122883,2012,Brasil
Leopardus tigrinus,2021-05-04,Felidae,-52.083444,-30.140472,2012,Brasil
Leopardus tigrinus,2021-05-04,Felidae,-53.417222,-27.415278,2013,Brasil
Leopardus tigrinus,2021-05-04,Felidae,-53.59769,-28.77884,2013,Brasil
Leopardus tigrinus,2021-05-04,Felidae,NA,-30.02655,2013,Brasil
Leopardus tigrinus,2021-05-04,Felidae,NA,-28.206667,2012,Brasil
Leopardus tigrinus,2021-05-04,Felidae,-51.4956016540527,-29.3768997192383,1996,Brasil
Leopardus tigrinus,2021-05-04,Felidae,-52.8939018249512,-30.0391998291016,2002,Brasil
Leopardus tigrinus,2021-05-04,Felidae,-52.8939018249512,-30.0391998291016,2002,Brasil
Leopardus tigrinus,2021-05-04,Felidae,-51.1794013977051,-29.1681003570557,2013,Brasil
Leopardus tigrinus,2021-05-04,Felidae,-52.521900177002,-30.5438995361328,1979,Brasil
Leopardus tigrinus,2021-05-04,Felidae,-52.521900177002,-30.5438995361328,1979,Brasil
Leopardus tigrinus,2021-05-04,Felidae,-52.521900177002,-30.5438995361328,1979,Brasil
Leopardus tigrinus,2021-05-04,Felidae,-51.2299995422363,-30.0331001281738,2008,Brasil
Leopardus tigrinus,2021-05-04,Felidae,-51.1483001708984,-29.8246994018555,1983,Brasil
Leopardus tigrinus,2021-05-04,Felidae,-51.1483001708984,-29.8246994018555,1983,Brasil
Leopardus tigrinus,2021-05-04,Felidae,-51.1483001708984,-29.8246994018555,1983,Brasil
Leopardus tigrinus,2021-05-04,Felidae,-51.1483001708984,-29.8246994018555,1983,Brasil
Leopardus tigrinus,2021-05-04,Felidae,-44.3616981506348,-15.4881000518799,1989,Brasil
Leopardus tigrinus,2021-05-04,Felidae,-50.7411,-23.7275,2000,Brasil
Leopardus tigrinus,2021-05-04,Felidae,-52.4067001342773,-28.2628002166748,2008,Brasil
Leopardus tigrinus,2021-05-04,Felidae,-51.867802,-21.2278,NA,Brazil
Leopardus tigrinus,2021-05-04,Felidae,-49.7425,-21.6786,NA,Brazil
Leopardus tigrinus,2021-05-04,Felidae,-48.010601,-23.015301,NA,Brazil
Leopardus tigrinus,2021-05-04,Felidae,-48.313301,-22.1131,NA,Brazil
Leopardus tigrinus,2021-05-04,Felidae,-47.400799,-20.538601,NA,Brazil
Leopardus tigrinus,2021-05-04,Felidae,-47.555302,-24.708099,NA,Brazil
Leopardus tigrinus,2021-05-04,Felidae,-49.340801,-24.115,NA,Brazil
Leopardus tigrinus,2021-05-04,Felidae,-47.780602,-20.5061,NA,Brazil
Leopardus tigrinus,2021-05-04,Felidae,-47.7635,-22.264,NA,Brazil
Leopardus tigrinus,2021-05-04,Felidae,-48.838901,-23.0058,NA,Brazil
Leopardus tigrinus,2021-05-04,Felidae,-47.764801,-22.4235,NA,Brazil
Leopardus tigrinus,2021-05-04,Felidae,-47.7118,-22.2449,NA,Brazil
Leopardus tigrinus,2021-05-04,Felidae,-49,-22.2167,NA,Brazil
Leopardus tigrinus,2021-05-04,Felidae,-48.9333,-22.133301,NA,Brazil
Leopardus tigrinus,2021-05-04,Felidae,-49.033299,-22.0833,NA,Brazil
Leopardus tigrinus,2021-05-04,Felidae,-49.1833,-21.983299,NA,Brazil
Leopardus tigrinus,2021-05-04,Felidae,-49.166699,-22.116699,NA,Brazil
Leopardus tigrinus,2021-05-04,Felidae,-49.099998,-22.1,NA,Brazil
Leopardus tigrinus,2021-05-04,Felidae,-48.916699,-22.5,NA,Brazil
Leopardus tigrinus,2021-05-04,Felidae,-48.900002,-22.4667,NA,Brazil
Leopardus tigrinus,2021-05-04,Felidae,-48.900002,-22.4667,NA,Brazil
Leopardus tigrinus,2021-05-04,Felidae,-46.983299,-23.2833,NA,Brazil
Leopardus tigrinus,2021-05-04,Felidae,-46.883301,-23.200001,NA,Brazil
Leopardus tigrinus,2021-05-04,Felidae,-46.349998,-23.266701,NA,Brazil
Leopardus tigrinus,2021-05-04,Felidae,-46.541901,-22.9186,NA,Brazil
Leopardus tigrinus,2021-05-04,Felidae,-45.5914,-22.739401,NA,Brazil
Leopardus tigrinus,2021-05-04,Felidae,-46.059399,-23.802799,NA,Brazil
Leopardus tigrinus,2021-05-04,Felidae,-47.427799,-23.711901,NA,Brazil
Leopardus tigrinus,2021-05-04,Felidae,-48.3908,-21.9925,NA,Brazil
Leopardus tigrinus,2021-05-04,Felidae,-46.6339,-23.550301,NA,Brazil
Leopardus tigrinus,2021-05-04,Felidae,-47.75,-24.834999,NA,Brazil
Leopardus tigrinus,2021-05-04,Felidae,-45.070801,-23.433901,NA,Brazil
Leopardus tigrinus,2021-05-04,Felidae,-49.686284,-22.42061,NA,Brazil
Leopardus tigrinus,2021-05-04,Felidae,-49.686284,-22.42061,NA,Brazil
Leopardus tigrinus,2021-05-04,Felidae,-49.686284,-22.42061,NA,Brazil
Leopardus tigrinus,2021-05-04,Felidae,-39.455277777778,-13.048055555556,NA,Brasil
Leopardus tigrinus,2021-05-04,Felidae,-52.1586,-14.05,2010,Brasil
Leopardus tigrinus,2021-05-04,Felidae,-52.296444,-14.830306,2011,Brasil
Leopardus guigna,2021-05-04,NA,NA,NA,NA,NA
Leopardus geoffroyi,2021-05-04,Felidae,-56.108951,-34.604054,2021,UY
Leopardus geoffroyi,2021-05-04,Felidae,-61.710434,-32.197307,2020,AR
Leopardus geoffroyi,2021-05-04,Felidae,-61.415999,-32.015921,2018,AR
Leopardus geoffroyi,2021-05-04,Felidae,-53.644409,-33.970358,2013,UY
Leopardus geoffroyi,2021-05-04,Felidae,-61.012476,-31.483287,2021,AR
Leopardus geoffroyi,2021-05-04,Felidae,-61.011444,-31.48399,2021,AR
Leopardus geoffroyi,2021-05-04,Felidae,-57.481546,-28.646919,2005,AR
Leopardus geoffroyi,2021-05-04,Felidae,-54.626148,-34.568534,2016,UY
Leopardus geoffroyi,2021-05-04,Felidae,-59.930308,-30.579558,2021,AR
Leopardus geoffroyi,2021-05-04,Felidae,-58.130701,-34.760845,2018,AR
Leopardus geoffroyi,2021-05-04,Felidae,-58.888901,-34.21045,2018,AR
Leopardus geoffroyi,2021-05-04,Felidae,-61.546045,-38.998172,2021,AR
Leopardus geoffroyi,2021-05-04,Felidae,-58.460139,-33.039793,2021,AR
Leopardus geoffroyi,2021-05-04,Felidae,-61.546027,-38.998176,2021,AR
Leopardus geoffroyi,2021-05-04,Felidae,-59.834313,-29.960665,2021,AR
Leopardus geoffroyi,2021-05-04,Felidae,-58.896793,-32.256522,2015,AR
Leopardus geoffroyi,2021-05-04,Felidae,-60.48515,-31.730108,2020,AR
Leopardus geoffroyi,2021-05-04,Felidae,-60.522944,-31.834262,2020,AR
Leopardus geoffroyi,2021-05-04,Felidae,-60.591736,-32.818732,2012,AR
Leopardus geoffroyi,2021-05-04,Felidae,-60.281364,-32.02125,2020,AR
Leopardus geoffroyi,2021-05-04,Felidae,-59.195804,-31.818835,2020,AR
Leopardus geoffroyi,2021-05-04,Felidae,-58.643383,-34.440227,2021,AR
Leopardus geoffroyi,2021-05-04,Felidae,-58.862635,-32.373022,2020,AR
Leopardus geoffroyi,2021-05-04,Felidae,-60.501923,-31.780425,2020,AR
Leopardus geoffroyi,2021-05-04,Felidae,-60.527622,-31.836869,2020,AR
Leopardus geoffroyi,2021-05-04,Felidae,-60.281255,-32.021588,2020,AR
Leopardus geoffroyi,2021-05-04,Felidae,-60.621187,-32.065025,2020,AR
Leopardus geoffroyi,2021-05-04,Felidae,-57.196593,-28.547168,2012,AR
Leopardus geoffroyi,2021-05-04,Felidae,-58.643578,-34.440175,2020,AR
Leopardus geoffroyi,2021-05-04,Felidae,-60.021827,-33.498029,2017,AR
Leopardus geoffroyi,2021-05-04,Felidae,-55.470927,-34.785726,2020,UY
Leopardus geoffroyi,2021-05-04,Felidae,-60.675707,-32.849658,2020,AR
Leopardus geoffroyi,2021-05-04,Felidae,-60.854637,-31.733149,2019,AR
Leopardus geoffroyi,2021-05-04,Felidae,-60.125245,-31.129865,2014,AR
Leopardus geoffroyi,2021-05-04,Felidae,-59.955214,-30.61546,2014,AR
Leopardus geoffroyi,2021-05-04,Felidae,-65.072059,-32.015519,2020,AR
Leopardus geoffroyi,2021-05-04,Felidae,-60.472433,-31.511692,2008,AR
Leopardus geoffroyi,2021-05-04,Felidae,-60.867477,-31.734617,2020,AR
Leopardus geoffroyi,2021-05-04,Felidae,-59.988802,-32.335348,2019,AR
Leopardus geoffroyi,2021-05-04,Felidae,-60.861845,-31.732139,2019,AR
Leopardus geoffroyi,2021-05-04,Felidae,-60.426167,-31.845552,2018,AR
Leopardus geoffroyi,2021-05-04,Felidae,-60.31094,-31.370679,2018,AR
Leopardus geoffroyi,2021-05-04,Felidae,-60.861374,-31.729653,2020,AR
Leopardus geoffroyi,2021-05-04,Felidae,-60.862784,-31.732658,2019,AR
Leopardus geoffroyi,2021-05-04,Felidae,-60.862041,-31.655846,2019,AR
Leopardus geoffroyi,2021-05-04,Felidae,-65.070645,-32.017283,2020,AR
Leopardus geoffroyi,2021-05-04,Felidae,-60.491901,-31.534452,2019,AR
Leopardus geoffroyi,2021-05-04,Felidae,-60.479792,-31.508634,2012,AR
Leopardus geoffroyi,2021-05-04,Felidae,-60.77305,-31.478133,2018,AR
Leopardus geoffroyi,2021-05-04,Felidae,-67.913444,-32.318385,2018,AR
Leopardus geoffroyi,2021-05-04,Felidae,-54.24777,-29.26927,2020,BR
Leopardus geoffroyi,2021-05-04,Felidae,-61.005873,-31.233629,2002,AR
Leopardus geoffroyi,2021-05-04,Felidae,-60.063013,-31.387137,2020,AR
Leopardus geoffroyi,2021-05-04,Felidae,-59.860434,-31.633294,2019,AR
Leopardus geoffroyi,2021-05-04,Felidae,-67.581792,-30.204292,2018,AR
Leopardus geoffroyi,2021-05-04,Felidae,-59.842241,-31.646304,2019,AR
Leopardus geoffroyi,2021-05-04,Felidae,-57.851243,-31.971987,2020,UY
Leopardus geoffroyi,2021-05-04,Felidae,-61.151274,-30.207895,2019,AR
Leopardus geoffroyi,2021-05-04,Felidae,-68.637917,-34.281338,2015,AR
Leopardus geoffroyi,2021-05-04,Felidae,-65.249133,-44.048496,2011,AR
Leopardus geoffroyi,2021-05-04,Felidae,-57.196157,-28.544701,2016,AR
Leopardus geoffroyi,2021-05-04,Felidae,-57.100067,-28.449393,2011,AR
Leopardus geoffroyi,2021-05-04,Felidae,-57.213364,-28.54291,2007,AR
Leopardus geoffroyi,2021-05-04,Felidae,-57.173456,-28.536053,2007,AR
Leopardus geoffroyi,2021-05-04,Felidae,-58.892878,-34.216749,2018,AR
Leopardus geoffroyi,2021-05-04,Felidae,-57.610187,-37.880343,2020,AR
Leopardus geoffroyi,2021-05-04,Felidae,-60.878127,-31.398978,2020,AR
Leopardus geoffroyi,2021-05-04,Felidae,-58.671937,-37.586645,2018,AR
Leopardus geoffroyi,2021-05-04,Felidae,-58.760808,-37.747373,2016,AR
Leopardus geoffroyi,2021-05-04,Felidae,-56.734121,-36.597613,2015,AR
Leopardus geoffroyi,2021-05-04,Felidae,-56.734164,-36.595994,2015,AR
Leopardus geoffroyi,2021-05-04,Felidae,-61.100417,-31.387164,2017,AR
Leopardus geoffroyi,2021-05-04,Felidae,-56.733649,-36.596924,2015,AR
Leopardus geoffroyi,2021-05-04,Felidae,-57.173456,-28.536053,2012,AR
Leopardus geoffroyi,2021-05-04,Felidae,-56.933878,-36.544511,2020,AR
Leopardus geoffroyi,2021-05-04,Felidae,-57.198953,-28.544812,2015,AR
Leopardus geoffroyi,2021-05-04,Felidae,-57.203013,-28.548501,2007,AR
Leopardus geoffroyi,2021-05-04,Felidae,-57.199442,-28.546232,2008,AR
Leopardus geoffroyi,2021-05-04,Felidae,-56.308716,-34.796143,2020,UY
Leopardus geoffroyi,2021-05-04,Felidae,-53.752056,-32.134864,2015,UY
Leopardus geoffroyi,2021-05-04,Felidae,-53.752056,-32.134864,2015,UY
Leopardus geoffroyi,2021-05-04,Felidae,-53.752056,-32.134864,2015,UY
Leopardus geoffroyi,2021-05-04,Felidae,-65.088558,-43.371143,2011,AR
Leopardus geoffroyi,2021-05-04,Felidae,-58.713409,-38.576212,2020,AR
Leopardus geoffroyi,2021-05-04,Felidae,-57.185344,-28.536002,2020,AR
Leopardus geoffroyi,2021-05-04,Felidae,-56.773219,-36.305568,2009,AR
Leopardus geoffroyi,2021-05-04,Felidae,-64.768714,-31.993058,2019,AR
Leopardus geoffroyi,2021-05-04,Felidae,-57.195908,-28.545999,2007,AR
Leopardus geoffroyi,2021-05-04,Felidae,-64.099988,-42.703395,2012,AR
Leopardus geoffroyi,2021-05-04,Felidae,-57.199159,-28.546224,2007,AR
Leopardus geoffroyi,2021-05-04,Felidae,-59.144555,-23.312708,1973,PY
Leopardus geoffroyi,2021-05-04,Felidae,-64.296326,-28.024682,2014,AR
Leopardus geoffroyi,2021-05-04,Felidae,-57.19594,-28.546227,2015,AR
Leopardus geoffroyi,2021-05-04,Felidae,-64.461863,-31.540482,2020,AR
Leopardus geoffroyi,2021-05-04,Felidae,-59.583483,-35.027817,2019,AR
Leopardus geoffroyi,2021-05-04,Felidae,-60.282817,-29.454209,2019,AR
Leopardus geoffroyi,2021-05-04,Felidae,-56.728022,-27.51686,2011,AR
Leopardus geoffroyi,2021-05-04,Felidae,-64.786531,-25.134122,2019,AR
Leopardus geoffroyi,2021-05-04,Felidae,-64.524031,-31.534633,2019,AR
Leopardus geoffroyi,2021-05-04,Felidae,-67.284667,-46.890475,2019,AR
Leopardus geoffroyi,2021-05-04,Felidae,-59.835315,-25.953463,2016,AR
Leopardus geoffroyi,2021-05-04,Felidae,-51.167306,-30.008333,2014,BR
Leopardus geoffroyi,2021-05-04,Felidae,-55.566944,-30.060278,2014,BR
Leopardus geoffroyi,2021-05-04,Felidae,-53.466389,-31.528889,2014,BR
Leopardus geoffroyi,2021-05-04,Felidae,-52.835,-32.01,2010,BR
Leopardus geoffroyi,2021-05-04,Felidae,-51.572778,-30.666111,2014,BR
Leopardus geoffroyi,2021-05-04,Felidae,-51.167306,-30.008333,2014,BR
Leopardus geoffroyi,2021-05-04,Felidae,-54.686583,-30.229111,2012,BR
Leopardus geoffroyi,2021-05-04,Felidae,-52.354722,-30.185861,2010,BR
Leopardus geoffroyi,2021-05-04,Felidae,-57.172717,-28.53494,2014,AR
Leopardus geoffroyi,2021-05-04,Felidae,-57.172717,-28.53494,2014,AR
Leopardus geoffroyi,2021-05-04,Felidae,-54.145764,-34.421796,2018,UY
Leopardus geoffroyi,2021-05-04,Felidae,-54.225864,-34.530603,2018,UY
Leopardus geoffroyi,2021-05-04,Felidae,-59.135385,-31.800513,2019,AR
Leopardus geoffroyi,2021-05-04,Felidae,-59.049297,-31.805477,2019,AR
Leopardus geoffroyi,2021-05-04,Felidae,-57.17749,-28.533112,2015,AR
Leopardus geoffroyi,2021-05-04,Felidae,-57.17749,-28.533112,2015,AR
Leopardus geoffroyi,2021-05-04,Felidae,-57.17749,-28.533112,2015,AR
Leopardus geoffroyi,2021-05-04,Felidae,-57.173456,-28.536053,2015,AR
Leopardus geoffroyi,2021-05-04,Felidae,-68.024,-16.653,2019,BO
Leopardus geoffroyi,2021-05-04,Felidae,-68.024,-16.653,2018,BO
Leopardus geoffroyi,2021-05-04,Felidae,-68.025,-16.653,2019,BO
Leopardus geoffroyi,2021-05-04,Felidae,-58.037282,-32.522062,2019,UY
Leopardus geoffroyi,2021-05-04,Felidae,-58.037415,-32.521382,2019,UY
Leopardus geoffroyi,2021-05-04,Felidae,-65.478903,-31.375826,2009,AR
Leopardus geoffroyi,2021-05-04,Felidae,-57.199516,-28.545595,2015,AR
Leopardus geoffroyi,2021-05-04,Felidae,-65.140144,-37.412931,2016,AR
Leopardus geoffroyi,2021-05-04,Felidae,-59.314921,-22.555708,2015,PY
Leopardus geoffroyi,2021-05-04,Felidae,-57.179074,-28.547026,2015,AR
Leopardus geoffroyi,2021-05-04,Felidae,-57.20448,-28.531342,2015,AR
Leopardus geoffroyi,2021-05-04,Felidae,-57.204803,-28.539788,2015,AR
Leopardus geoffroyi,2021-05-04,Felidae,-57.990768,-34.818981,2013,AR
Leopardus geoffroyi,2021-05-04,Felidae,-57.160991,-28.487158,2016,AR
Leopardus geoffroyi,2021-05-04,Felidae,-72.639963,-50.826295,2019,CL
Leopardus geoffroyi,2021-05-04,Felidae,-59.8,-22.4,1977,PY
Leopardus geoffroyi,2021-05-04,Felidae,-60.321,-20.63333,1977,PY
Leopardus geoffroyi,2021-05-04,Felidae,-59.9,-22.1,1976,PY
Leopardus geoffroyi,2021-05-04,Felidae,-59.24443,-23.88226,1979,PY
Leopardus geoffroyi,2021-05-04,Felidae,-60.1,-20.45,1977,PY
Leopardus geoffroyi,2021-05-04,Felidae,-60.321,-20.63333,1977,PY
Leopardus geoffroyi,2021-05-04,Felidae,-58.891518,-34.21363,2018,AR
Leopardus geoffroyi,2021-05-04,Felidae,-61.190291,-30.18549,2018,AR
Leopardus geoffroyi,2021-05-04,Felidae,-71.231764,-47.356561,2013,AR
Leopardus geoffroyi,2021-05-04,Felidae,-60.981443,-30.728222,2016,AR
Leopardus geoffroyi,2021-05-04,Felidae,-60.937565,-30.93977,2018,AR
Leopardus geoffroyi,2021-05-04,Felidae,-61.030787,-30.735964,2017,AR
Leopardus geoffroyi,2021-05-04,Felidae,-61.03102,-30.735701,2017,AR
Leopardus geoffroyi,2021-05-04,Felidae,-57.166939,-28.539837,2015,AR
Leopardus geoffroyi,2021-05-04,Felidae,-65.349152,-41.620878,2018,AR
Leopardus geoffroyi,2021-05-04,Felidae,-67.95,-34.05,NA,AR
Leopardus geoffroyi,2021-05-04,Felidae,-67.95,-34.05,NA,AR
Leopardus geoffroyi,2021-05-04,Felidae,-67.95,-34.05,NA,AR
Leopardus geoffroyi,2021-05-04,Felidae,-67.95,-34.05,NA,AR
Leopardus geoffroyi,2021-05-04,Felidae,-65.41667,-24.03333,1899,AR
Leopardus geoffroyi,2021-05-04,Felidae,-65.597159,-37.969601,NA,AR
Leopardus geoffroyi,2021-05-04,Felidae,-65.597159,-37.969601,NA,AR
Leopardus geoffroyi,2021-05-04,Felidae,-64.792924,-28.370212,NA,AR
Leopardus geoffroyi,2021-05-04,Felidae,-57.15723,-35.390309,2016,AR
Leopardus geoffroyi,2021-05-04,Felidae,-59.641171,-33.737188,2015,AR
Leopardus geoffroyi,2021-05-04,Felidae,-58.516667,-34.166667,NA,AR
Leopardus geoffroyi,2021-05-04,Felidae,-58.516667,-34.166667,NA,AR
Leopardus geoffroyi,2021-05-04,Felidae,-71.905518,-51.582258,2005,AR
Leopardus geoffroyi,2021-05-04,Felidae,-56.48333,-34.2,1973,UY
Leopardus geoffroyi,2021-05-04,Felidae,-59.18333,-23.2,1972,PY
Leopardus geoffroyi,2021-05-04,Felidae,-59.18333,-23.2,1973,PY
Leopardus geoffroyi,2021-05-04,Felidae,-67.694351,-48.402344,1925,AR
Leopardus geoffroyi,2021-05-04,Felidae,-56.710396,-36.805436,2015,AR
Leopardus geoffroyi,2021-05-04,Felidae,-82.9167,39.9833,1987,US
Leopardus geoffroyi,2021-05-04,Felidae,-82.9167,39.9833,1987,US
Leopardus geoffroyi,2021-05-04,Felidae,-82.9167,39.9833,1987,US
Leopardus geoffroyi,2021-05-04,Felidae,-71.8527223273616,-46.3037009530271,1965,CL
Leopardus geoffroyi,2021-05-04,Felidae,-58.04946,-38.00447,1968,AR
Leopardus geoffroyi,2021-05-04,Felidae,-63.533699,-37.747101,1995,AR
Leopardus geoffroyi,2021-05-04,Felidae,-57.199921,-28.546171,2013,AR
Leopardus geoffroyi,2021-05-04,Felidae,-57.22435,-28.636363,2009,AR
Leopardus geoffroyi,2021-05-04,Felidae,-57.9,-34.9,NA,AR
Leopardus geoffroyi,2021-05-04,Felidae,-59,-34.4,NA,AR
Leopardus geoffroyi,2021-05-04,Felidae,-62,-33,NA,AR
Leopardus geoffroyi,2021-05-04,Felidae,-62,-33,NA,AR
Leopardus geoffroyi,2021-05-04,Felidae,-62,-33,NA,AR
Leopardus geoffroyi,2021-05-04,Felidae,-60.894165,-26.034903,NA,AR
Leopardus geoffroyi,2021-05-04,Felidae,-58.08139,-25.02649,2007,AR
Leopardus geoffroyi,2021-05-04,Felidae,-58.13671,-25.13998,2004,AR
Leopardus geoffroyi,2021-05-04,Felidae,-58.13051,-25.17069,2004,AR
Leopardus geoffroyi,2021-05-04,Felidae,-58.17324,-25.12037,2004,AR
Leopardus geoffroyi,2021-05-04,Felidae,-58.17324,-25.12037,2004,AR
Leopardus geoffroyi,2021-05-04,Felidae,-58.17324,-25.12037,2004,AR
Leopardus geoffroyi,2021-05-04,Felidae,-58.13209,-25.17164,2004,AR
Leopardus geoffroyi,2021-05-04,Felidae,-58.08139,-25.02649,2007,AR
Leopardus geoffroyi,2021-05-04,Felidae,-58.08139,-25.02649,2007,AR
Leopardus geoffroyi,2021-05-04,Felidae,-58.08139,-25.02649,2007,AR
Leopardus geoffroyi,2021-05-04,Felidae,-58.08139,-25.02649,2007,AR
Leopardus geoffroyi,2021-05-04,Felidae,-58.3194,-31.85432,2006,AR
Leopardus geoffroyi,2021-05-04,Felidae,-58.26967,-31.86357,2006,AR
Leopardus geoffroyi,2021-05-04,Felidae,-58.01747,-27.99825,2010,AR
Leopardus geoffroyi,2021-05-04,Felidae,-58.13364,-28.04739,2010,AR
Leopardus geoffroyi,2021-05-04,Felidae,-58.00605,-28.00524,2010,AR
Leopardus geoffroyi,2021-05-04,Felidae,-58.01608,-27.98166,2007,AR
Leopardus geoffroyi,2021-05-04,Felidae,-58.05301,-28.01888,2007,AR
Leopardus geoffroyi,2021-05-04,Felidae,-58.02002,-28.01567,2007,AR
Leopardus geoffroyi,2021-05-04,Felidae,-61.80771,-24.31462,2010,AR
Leopardus geoffroyi,2021-05-04,Felidae,-65.704859,-23.162614,NA,AR
Leopardus geoffroyi,2021-05-04,Felidae,-60.026256,-37.15553,NA,AR
Leopardus geoffroyi,2021-05-04,Felidae,-69.5000453632548,-50.11262070966,1894,AR
Leopardus geoffroyi,2021-05-04,Felidae,-69.5000453632548,-50.11262070966,1894,AR
Leopardus geoffroyi,2021-05-04,Felidae,-62.333301,-22.450001,1945,PY
Leopardus geoffroyi,2021-05-04,Felidae,-58.216667,-33.549999,1926,UY
Leopardus geoffroyi,2021-05-04,Felidae,-69.01667,-33.566666,1923,AR
Leopardus geoffroyi,2021-05-04,Felidae,-65.707947,-24.116671,1923,AR
Leopardus geoffroyi,2021-05-04,Felidae,-71.5196,-42.06511,NA,AR
Leopardus geoffroyi,2021-05-04,Felidae,-65.638542,-38.006246,NA,AR
Leopardus geoffroyi,2021-05-04,Felidae,-65.839989,-37.154277,NA,AR
Leopardus geoffroyi,2021-05-04,Felidae,-58.148254,-34.790854,NA,AR
Leopardus geoffroyi,2021-05-04,Felidae,-65.510786,-36.265284,NA,AR
Leopardus geoffroyi,2021-05-04,Felidae,-65.839989,-37.154277,NA,AR
Leopardus geoffroyi,2021-05-04,Felidae,-71.350746,-40.155819,NA,AR
Leopardus geoffroyi,2021-05-04,Felidae,-64.115833,-29.864645,NA,AR
Leopardus geoffroyi,2021-05-04,Felidae,-58,-23,NA,PY
Leopardus geoffroyi,2021-05-04,Felidae,-58,-23,NA,PY
Leopardus geoffroyi,2021-05-04,Felidae,-58,-23,NA,PY
Leopardus geoffroyi,2021-05-04,Felidae,-60.04999,-25.0627,NA,AR
Leopardus geoffroyi,2021-05-04,Felidae,-59.34995,-25.5667,NA,AR
Leopardus geoffroyi,2021-05-04,Felidae,-58.08139,-25.02649,2007,AR
Leopardus geoffroyi,2021-05-04,Felidae,-58.08139,-25.02649,2007,AR
Leopardus geoffroyi,2021-05-04,Felidae,-58.08139,-25.02649,2007,AR
Leopardus geoffroyi,2021-05-04,Felidae,-58.08139,-25.02649,2007,AR
Leopardus geoffroyi,2021-05-04,Felidae,-58.08139,-25.02649,2007,AR
Leopardus geoffroyi,2021-05-04,Felidae,-58.13671,-25.13998,2004,AR
Leopardus geoffroyi,2021-05-04,Felidae,-58.13051,-25.17069,2004,AR
Leopardus geoffroyi,2021-05-04,Felidae,-58.17324,-25.12037,2004,AR
Leopardus geoffroyi,2021-05-04,Felidae,-58.17324,-25.12037,2004,AR
Leopardus geoffroyi,2021-05-04,Felidae,-58.17324,-25.12037,2004,AR
Leopardus geoffroyi,2021-05-04,Felidae,-58.13209,-25.17164,2004,AR
Leopardus geoffroyi,2021-05-04,Felidae,-58.29681,-31.90596,2007,AR
Leopardus geoffroyi,2021-05-04,Felidae,-58.2132,-31.86849,2007,AR
Leopardus geoffroyi,2021-05-04,Felidae,-58.2695,-31.86338,2007,AR
Leopardus geoffroyi,2021-05-04,Felidae,-58.09979,-28.03615,2008,AR
Leopardus geoffroyi,2021-05-04,Felidae,-58.09515,-28.00928,2009,AR
Leopardus geoffroyi,2021-05-04,Felidae,-58.01498,-27.99913,2006,AR
Leopardus geoffroyi,2021-05-04,Felidae,-58.13038,-28.04515,2004,AR
Leopardus geoffroyi,2021-05-04,Felidae,-58.09669,-28.03335,2004,AR
Leopardus geoffroyi,2021-05-04,Felidae,-58.12214,-28.04064,2004,AR
Leopardus geoffroyi,2021-05-04,Felidae,-58.00348,-28.0007,2006,AR
Leopardus geoffroyi,2021-05-04,Felidae,-58.01753,-27.9989,2008,AR
Leopardus geoffroyi,2021-05-04,Felidae,-58.00961,-27.96612,2009,AR
Leopardus geoffroyi,2021-05-04,Felidae,-60.56321,-31.68037,2007,AR
Leopardus geoffroyi,2021-05-04,Felidae,-60.45405,-31.50828,2007,AR
Leopardus geoffroyi,2021-05-04,Felidae,-60.47598,-31.52232,2006,AR
Leopardus geoffroyi,2021-05-04,Felidae,-60.30326,-31.33258,2003,AR
Leopardus geoffroyi,2021-05-04,Felidae,-60.38849,-31.76114,2005,AR
Leopardus geoffroyi,2021-05-04,Felidae,-60.80003,-31.93334,1950,AR
Leopardus geoffroyi,2021-05-04,Felidae,-61.37036,-24.49254,1995,AR
Leopardus geoffroyi,2021-05-04,Felidae,-60.38317,-30.1121,1937,AR
Leopardus geoffroyi,2021-05-04,Felidae,-60.38317,-30.1121,1937,AR
Leopardus geoffroyi,2021-05-04,Felidae,-60.13837,-30.44977,1967,AR
Leopardus geoffroyi,2021-05-04,Felidae,-60.13837,-30.44977,1966,AR
Leopardus geoffroyi,2021-05-04,Felidae,-60.81134,-31.72488,2008,AR
Leopardus geoffroyi,2021-05-04,Felidae,-60.61248,-32.05227,NA,AR
Leopardus geoffroyi,2021-05-04,Felidae,-60.46892,-31.51279,NA,AR
Leopardus geoffroyi,2021-05-04,Felidae,-60.23602,-31.22981,2005,AR
Leopardus geoffroyi,2021-05-04,Felidae,-60.68169,-31.59919,NA,AR
Leopardus geoffroyi,2021-05-04,Felidae,-58.862937,-34.173237,NA,AR
Leopardus geoffroyi,2021-05-04,Felidae,-60.026256,-37.15553,NA,AR
Leopardus geoffroyi,2021-05-04,Felidae,-59.507685,-33.808295,NA,AR
Leopardus geoffroyi,2021-05-04,Felidae,-63.402237,-27.717321,NA,AR
Leopardus geoffroyi,2021-05-04,Felidae,-71.142877,-41.043629,NA,AR
Leopardus geoffroyi,2021-05-04,Felidae,-71.07354,-39.94722,NA,AR
Leopardus geoffroyi,2021-05-04,Felidae,-61.75874,-38.125673,NA,AR
Leopardus geoffroyi,2021-05-04,Felidae,-61.75874,-38.125673,NA,AR
Leopardus geoffroyi,2021-05-04,Felidae,-61.75874,-38.125673,NA,AR
Leopardus geoffroyi,2021-05-04,Felidae,-65.704859,-23.162614,NA,AR
Leopardus geoffroyi,2021-05-04,Felidae,-61.706575,-23.570515,NA,AR
Leopardus geoffroyi,2021-05-04,Felidae,-65.284731,-36.19384,NA,AR
Leopardus geoffroyi,2021-05-04,Felidae,-60.026256,-37.15553,NA,AR
Leopardus geoffroyi,2021-05-04,Felidae,-64.578601,-32.124566,NA,AR
Leopardus geoffroyi,2021-05-04,Felidae,-64.578601,-32.124566,NA,AR
Leopardus geoffroyi,2021-05-04,Felidae,-64.578601,-32.124566,NA,AR
Leopardus geoffroyi,2021-05-04,Felidae,-60.894165,-26.034903,NA,AR
Leopardus geoffroyi,2021-05-04,Felidae,-60.894165,-26.034903,NA,AR
Leopardus geoffroyi,2021-05-04,Felidae,-63.339353,-23.24864,NA,AR
Leopardus geoffroyi,2021-05-04,Felidae,-60.894165,-26.034903,NA,AR
Leopardus geoffroyi,2021-05-04,Felidae,-60.894165,-26.034903,NA,AR
Leopardus geoffroyi,2021-05-04,Felidae,-67.511691,-29.857547,NA,AR
Leopardus geoffroyi,2021-05-04,Felidae,-60.894165,-26.034903,NA,AR
Leopardus geoffroyi,2021-05-04,Felidae,-64.466776,-31.298316,NA,AR
Leopardus geoffroyi,2021-05-04,Felidae,-60.894165,-26.034903,NA,AR
Leopardus geoffroyi,2021-05-04,Felidae,-62.026107,-24.232299,NA,AR
Leopardus geoffroyi,2021-05-04,Felidae,-58.416453,-34.578589,NA,AR
Leopardus geoffroyi,2021-05-04,Felidae,-58.930607,-34.303025,NA,AR
Leopardus geoffroyi,2021-05-04,Felidae,-65.444364,-31.371524,NA,AR
Leopardus geoffroyi,2021-05-04,Felidae,-58.869773,-34.230186,NA,AR
Leopardus geoffroyi,2021-05-04,Felidae,-58.148254,-34.790854,NA,AR
Leopardus geoffroyi,2021-05-04,Felidae,-58.148254,-34.790854,NA,AR
Leopardus geoffroyi,2021-05-04,Felidae,-59.857024,-25.212188,NA,AR
Leopardus geoffroyi,2021-05-04,Felidae,-65.833121,-36.183213,NA,AR
Leopardus geoffroyi,2021-05-04,Felidae,-59.861146,-37.004121,NA,AR
Leopardus geoffroyi,2021-05-04,Felidae,-59.333948,-25.564091,NA,AR
Leopardus geoffroyi,2021-05-04,Felidae,-59.197347,-34.044406,NA,AR
Leopardus geoffroyi,2021-05-04,Felidae,-59.110913,-34.560336,NA,AR
Leopardus geoffroyi,2021-05-04,Felidae,-60.026256,-37.15553,NA,AR
Leopardus geoffroyi,2021-05-04,Felidae,-68.492917,-38.252319,NA,AR
Leopardus geoffroyi,2021-05-04,Felidae,-65.521165,-38.005809,NA,AR
Leopardus geoffroyi,2021-05-04,Felidae,-65.704859,-23.162614,NA,AR
Leopardus geoffroyi,2021-05-04,Felidae,-68.225397,-29.31454,NA,AR
Leopardus geoffroyi,2021-05-04,Felidae,-68.225397,-29.31454,NA,AR
Leopardus geoffroyi,2021-05-04,Felidae,-64.770744,-23.776382,NA,AR
Leopardus geoffroyi,2021-05-04,Felidae,-58.436334,-34.608724,NA,AR
Leopardus geoffroyi,2021-05-04,Felidae,-58.436334,-34.608724,NA,AR
Leopardus geoffroyi,2021-05-04,Felidae,-55.535604,-27.315833,NA,AR
Leopardus geoffroyi,2021-05-04,Felidae,-67.521068,-28.921099,NA,AR
Leopardus geoffroyi,2021-05-04,Felidae,-67.521068,-28.921099,NA,AR
Leopardus geoffroyi,2021-05-04,Felidae,-67.521068,-28.921099,NA,AR
Leopardus geoffroyi,2021-05-04,Felidae,-68.225397,-29.31454,NA,AR
Leopardus geoffroyi,2021-05-04,Felidae,-64.80835,-24.07105,NA,AR
Leopardus geoffroyi,2021-05-04,Felidae,-58.591117,-34.419126,NA,AR
Leopardus geoffroyi,2021-05-04,Felidae,-58.09979,-28.03615,2008,AR
Leopardus geoffroyi,2021-05-04,Felidae,-58.09515,-28.00928,2009,AR
Leopardus geoffroyi,2021-05-04,Felidae,-58.01498,-27.99913,2006,AR
Leopardus geoffroyi,2021-05-04,Felidae,-58.13038,-28.04515,2004,AR
Leopardus geoffroyi,2021-05-04,Felidae,-58.09669,-28.03335,2004,AR
Leopardus geoffroyi,2021-05-04,Felidae,-58.12214,-28.04064,2004,AR
Leopardus geoffroyi,2021-05-04,Felidae,-58.00348,-28.0007,2006,AR
Leopardus geoffroyi,2021-05-04,Felidae,-58.01753,-27.9989,2008,AR
Leopardus geoffroyi,2021-05-04,Felidae,-58.00961,-27.96612,2009,AR
Leopardus geoffroyi,2021-05-04,Felidae,-65.521165,-38.005809,NA,AR
Leopardus geoffroyi,2021-05-04,Felidae,-64.792924,-28.370212,NA,AR
Leopardus geoffroyi,2021-05-04,Felidae,-64.501772,-30.926783,NA,AR
Leopardus geoffroyi,2021-05-04,Felidae,-65.597159,-37.969601,NA,AR
Leopardus geoffroyi,2021-05-04,Felidae,-65.597159,-37.969601,NA,AR
Leopardus geoffroyi,2021-05-04,Felidae,-65.597159,-37.969601,NA,AR
Leopardus geoffroyi,2021-05-04,Felidae,-65.597159,-37.969601,NA,AR
Leopardus geoffroyi,2021-05-04,Felidae,-65.597159,-37.969601,NA,AR
Leopardus geoffroyi,2021-05-04,Felidae,-69.105762,-33.024704,NA,AR
Leopardus geoffroyi,2021-05-04,Felidae,-65.597159,-37.969601,NA,AR
Leopardus geoffroyi,2021-05-04,Felidae,-65.597159,-37.969601,NA,AR
Leopardus geoffroyi,2021-05-04,Felidae,-65.597159,-37.969601,NA,AR
Leopardus geoffroyi,2021-05-04,Felidae,-65.90971,-41.146245,NA,AR
Leopardus geoffroyi,2021-05-04,Felidae,-65.638542,-38.006246,NA,AR
Leopardus geoffroyi,2021-05-04,Felidae,-65.638542,-38.006246,NA,AR
Leopardus geoffroyi,2021-05-04,Felidae,-65.597159,-37.969601,NA,AR
Leopardus geoffroyi,2021-05-04,Felidae,-67.521068,-28.921099,NA,AR
Leopardus geoffroyi,2021-05-04,Felidae,-65.049217,-32.216397,NA,AR
Leopardus geoffroyi,2021-05-04,Felidae,-67.885336,-43.993755,NA,AR
Leopardus geoffroyi,2021-05-04,Felidae,-65.588325,-27.35187,NA,AR
Leopardus geoffroyi,2021-05-04,Felidae,-59.314875,-33.139224,NA,AR
Leopardus geoffroyi,2021-05-04,Felidae,-66.879552,-30.044712,NA,AR
Leopardus geoffroyi,2021-05-04,Felidae,-66.879552,-30.044712,NA,AR
Leopardus geoffroyi,2021-05-04,Felidae,-64.251912,-23.268447,NA,AR
Leopardus geoffroyi,2021-05-04,Felidae,-64.573193,-31.908587,NA,AR
Leopardus guttulus,2021-05-04,Felidae,-49.589683,-25.921713,2018,BR
Leopardus guttulus,2021-05-04,Felidae,-46.199262,-23.248583,2012,BR
Leopardus guttulus,2021-05-04,Felidae,-48.626523,-21.212646,2013,BR
Leopardus guttulus,2021-05-04,Felidae,-47.4,-22.56,1987,BR
Leopardus guttulus,2021-05-04,Felidae,-46.33,-23.96,2004,BR
Leopardus guttulus,2021-05-04,Felidae,-46.549722,-23.110278,1993,BR
Leopardus guttulus,2021-05-04,Felidae,-46.712778,-21.305556,NA,BR
Leopardus guttulus,2021-05-04,Felidae,-51.828889,-27.169849,2020,BR
Leopardus guttulus,2021-05-04,Felidae,-46.74273,-22.87518,2020,BR
Leopardus guttulus,2021-05-04,Felidae,-50.673909,-29.522734,2019,BR
Leopardus guttulus,2021-05-04,Felidae,-55.572742,-24.137897,2014,PY
Leopardus guttulus,2021-05-04,Felidae,-52.000431,-30.1359,2016,BR
Leopardus guttulus,2021-05-04,Felidae,-40.635833,-19.926111,2009,BR
Leopardus guttulus,2021-05-04,Felidae,-42.133889,-19.790278,NA,BR
Leopardus guttulus,2021-05-04,Felidae,-40.656944,-19.738889,2002,BR
Leopardus guttulus,2021-05-04,Felidae,-40.600278,-19.935556,2001,BR
Leopardus guttulus,2021-05-04,Felidae,-40.529722,-20.100556,1999,BR
Leopardus guttulus,2021-05-04,Felidae,-40.600278,-19.935556,1998,BR
Leopardus guttulus,2021-05-04,Felidae,-41.868333,-20.433333,1997,BR
Leopardus guttulus,2021-05-04,Felidae,-40.072222,-19.391111,1995,BR
Leopardus guttulus,2021-05-04,Felidae,-40.600278,-19.935556,1992,BR
Leopardus guttulus,2021-05-04,Felidae,-40.600278,-19.935556,1991,BR
Leopardus guttulus,2021-05-04,Felidae,-40.600278,-19.935556,1990,BR
Leopardus guttulus,2021-05-04,Felidae,-40.600278,-19.935556,1954,BR
Leopardus guttulus,2021-05-04,Felidae,-40.630556,-19.539444,1988,BR
Leopardus guttulus,2021-05-04,Felidae,-43.233334,-22.9,NA,BR
Leopardus guttulus,2021-05-04,Felidae,-47.75,-24.25,1961,BR
Leopardus jacobita,2021-05-04,NA,NA,NA,NA,NA
Leopardus tigrinus,2021-05-04,Felidae,-77.843596,-0.468614,2019,EC
Leopardus tigrinus,2021-05-04,Felidae,-76.14253,6.330025,2020,CO
Leopardus tigrinus,2021-05-04,Felidae,-76.290322,6.917497,2020,CO
Leopardus tigrinus,2021-05-04,Felidae,-76.353607,4.02064,2020,CO
Leopardus tigrinus,2021-05-04,Felidae,-76.353607,4.02064,2020,CO
Leopardus tigrinus,2021-05-04,Felidae,-76.353607,4.02064,2020,CO
Leopardus tigrinus,2021-05-04,Felidae,-52.73528,4.0705,2010,GF
Leopardus tigrinus,2021-05-04,Felidae,-53.43138,3.73168,2010,GF
Leopardus tigrinus,2021-05-04,Felidae,-53.26107,3.69234,2010,GF
Leopardus tigrinus,2021-05-04,Felidae,-52.13713,4.58023,2010,GF
Leopardus tigrinus,2021-05-04,Felidae,-52.07192,4.10751,2010,GF
Leopardus tigrinus,2021-05-04,Felidae,-53.2178,2.44257,2010,GF
Leopardus tigrinus,2021-05-04,Felidae,-71.339167,4.790352,1911,CO
Leopardus tigrinus,2021-05-04,Felidae,-39.455278,-13.048056,NA,BR
Leopardus tigrinus,2021-05-04,Felidae,-36.7396,-9.6701,2019,BR
Leopardus tigrinus,2021-05-04,Felidae,-78.746578,-0.085994,2020,EC
Leopardus tigrinus,2021-05-04,Felidae,-78.531826,0.332338,2011,EC
Leopardus tigrinus,2021-05-04,Felidae,-78.535835,0.372442,2011,EC
Leopardus tigrinus,2021-05-04,Felidae,-78.071014,0.391808,2014,EC
Leopardus tigrinus,2021-05-04,Felidae,-77.12546,0.64538,2019,CO
Leopardus tigrinus,2021-05-04,Felidae,-78.076213,0.258119,2018,EC
Leopardus tigrinus,2021-05-04,Felidae,-78.133499,0.394435,2018,EC
Leopardus tigrinus,2021-05-04,Felidae,-78.136253,0.390673,2015,EC
Leopardus tigrinus,2021-05-04,Felidae,-78.179465,0.291871,2018,EC
Leopardus tigrinus,2021-05-04,Felidae,-54.033203,-12.499641,1800,BR
Leopardus tigrinus,2021-05-04,Felidae,-43.343,-21.762,NA,BR
Leopardus tigrinus,2021-05-04,Felidae,-75.994834,5.674398,2019,CO
Leopardus tigrinus,2021-05-04,Felidae,-73.7399,4.8995,2017,CO
Leopardus tigrinus,2021-05-04,Felidae,-82.794635,8.946157,2019,CR
Leopardus tigrinus,2021-05-04,Felidae,-75.595737,4.999158,2018,CO
Leopardus tigrinus,2021-05-04,Felidae,-75.354341,4.950273,2009,CO
Leopardus tigrinus,2021-05-04,Felidae,-75.474891,5.048364,NA,CO
Leopardus tigrinus,2021-05-04,Felidae,-75.412255,4.779593,2009,CO
Leopardus tigrinus,2021-05-04,Felidae,-75.377386,5.022781,NA,CO
Leopardus tigrinus,2021-05-04,Felidae,-75.416444,4.831361,2009,CO
Leopardus tigrinus,2021-05-04,Felidae,-75.515705,4.944095,1985,CO
Leopardus tigrinus,2021-05-04,Felidae,-75.481667,5.065833,2002,CO
Leopardus tigrinus,2021-05-04,Felidae,-53.417222,-27.415278,2013,BR
Leopardus tigrinus,2021-05-04,Felidae,-52.083444,-30.140472,2012,BR
Leopardus tigrinus,2021-05-04,Felidae,-54.854503,-28.122883,2012,BR
Leopardus tigrinus,2021-05-04,Felidae,-51.087389,-29.172611,2012,BR
Leopardus tigrinus,2021-05-04,Felidae,-53.59769,-28.77884,2013,BR
Leopardus tigrinus,2021-05-04,Felidae,-47.867041,-11.491924,2013,BR
Leopardus tigrinus,2021-05-04,Felidae,-75.337659,4.983208,2015,CO
Leopardus tigrinus,2021-05-04,Felidae,-75.337659,4.983208,2015,CO
Leopardus tigrinus,2021-05-04,Felidae,-75.337659,4.983208,2015,CO
Leopardus tigrinus,2021-05-04,Felidae,-76.086,4.947417,2016,CO
Leopardus tigrinus,2021-05-04,Felidae,-76.22141,6.52234,2017,CO
Leopardus tigrinus,2021-05-04,Felidae,-77.41068,1.20963,2017,CO
Leopardus tigrinus,2021-05-04,Felidae,-76.32541,6.57661,2017,CO
Leopardus tigrinus,2021-05-04,Felidae,-77.41068,1.20963,2017,CO
Leopardus tigrinus,2021-05-04,Felidae,-75.337659,4.983208,2015,CO
Leopardus tigrinus,2021-05-04,Felidae,-77.40492,1.21095,2017,CO
Leopardus tigrinus,2021-05-04,Felidae,-76.07475,5.2155,2016,CO
Leopardus tigrinus,2021-05-04,Felidae,-76.163194,5.299806,2016,CO
Leopardus tigrinus,2021-05-04,Felidae,-75.337659,4.983208,2015,CO
Leopardus tigrinus,2021-05-04,Felidae,-75.337659,4.983208,2015,CO
Leopardus tigrinus,2021-05-04,Felidae,-76.101028,5.22925,2016,CO
Leopardus tigrinus,2021-05-04,Felidae,-76.22141,6.52234,2017,CO
Leopardus tigrinus,2021-05-04,Felidae,-77.40492,1.21095,2017,CO
Leopardus tigrinus,2021-05-04,Felidae,-76.22247,6.54946,2017,CO
Leopardus tigrinus,2021-05-04,Felidae,-76.013694,5.111806,2016,CO
Leopardus tigrinus,2021-05-04,Felidae,-76.32541,6.57661,2017,CO
Leopardus tigrinus,2021-05-04,Felidae,-76.078694,4.972833,2016,CO
Leopardus tigrinus,2021-05-04,Felidae,-76.113194,5.264528,2016,CO
Leopardus tigrinus,2021-05-04,Felidae,-76.32541,6.57661,2017,CO
Leopardus tigrinus,2021-05-04,Felidae,-76.101028,5.22925,2016,CO
Leopardus tigrinus,2021-05-04,Felidae,-76.07475,5.2155,2016,CO
Leopardus tigrinus,2021-05-04,Felidae,-76.113194,5.264528,2016,CO
Leopardus tigrinus,2021-05-04,Felidae,-76.101028,5.22925,2016,CO
Leopardus tigrinus,2021-05-04,Felidae,-76.032806,5.091583,2016,CO
Leopardus tigrinus,2021-05-04,Felidae,-76.032806,5.091583,2016,CO
Leopardus tigrinus,2021-05-04,Felidae,-76.113194,5.264528,2016,CO
Leopardus tigrinus,2021-05-04,Felidae,-77.41261,1.2082,2017,CO
Leopardus tigrinus,2021-05-04,Felidae,-76.101028,5.22925,2016,CO
Leopardus tigrinus,2021-05-04,Felidae,-76.101028,5.22925,2016,CO
Leopardus tigrinus,2021-05-04,Felidae,-75.070388,5.529,2017,CO
Leopardus tigrinus,2021-05-04,Felidae,-76.101028,5.22925,2016,CO
Leopardus tigrinus,2021-05-04,Felidae,-76.26387,6.58888,2017,CO
Leopardus tigrinus,2021-05-04,Felidae,-76.046278,5.193444,2016,CO
Leopardus tigrinus,2021-05-04,Felidae,-76.091389,4.9375,2016,CO
Leopardus tigrinus,2021-05-04,Felidae,-76.046278,5.193444,2016,CO
Leopardus tigrinus,2021-05-04,Felidae,-75.020889,5.455306,2017,CO
Leopardus tigrinus,2021-05-04,Felidae,-77.41531,1.20831,2017,CO
Leopardus tigrinus,2021-05-04,Felidae,-76.045361,5.065083,2016,CO
Leopardus tigrinus,2021-05-04,Felidae,-76.091389,4.9375,2016,CO
Leopardus tigrinus,2021-05-04,Felidae,-77.40575,1.20578,2017,CO
Leopardus tigrinus,2021-05-04,Felidae,-76.101472,1.638889,2017,CO
Leopardus tigrinus,2021-05-04,Felidae,-76.101185,5.660886,2019,CO
Leopardus tigrinus,2021-05-04,Felidae,-83.91667,9.65,1931,CR
Leopardus tigrinus,2021-05-04,Felidae,-76.479,4.02402,2015,CO
Leopardus tigrinus,2021-05-04,Felidae,-76.41657,4.20148,2015,CO
Leopardus tigrinus,2021-05-04,Felidae,-76.435459,4.121359,2015,CO
Leopardus tigrinus,2021-05-04,Felidae,-76.398263,4.173275,2015,CO
Leopardus tigrinus,2021-05-04,Felidae,-76.498199,4.012796,2015,CO
Leopardus tigrinus,2021-05-04,Felidae,-76.422501,4.130926,2015,CO
Leopardus tigrinus,2021-05-04,Felidae,-76.41473,4.19576,2015,CO
Leopardus tigrinus,2021-05-04,Felidae,-76.39789,4.23017,2015,CO
Leopardus tigrinus,2021-05-04,Felidae,-76.4236,4.20356,2015,CO
Leopardus tigrinus,2021-05-04,Felidae,-76.382782,4.086247,2015,CO
Leopardus tigrinus,2021-05-04,Felidae,-76.39735,4.084229,2015,CO
Leopardus tigrinus,2021-05-04,Felidae,-76.382263,4.08799,2015,CO
Leopardus tigrinus,2021-05-04,Felidae,-73.505409,5.687215,2017,CO
Leopardus tigrinus,2021-05-04,Felidae,-77.346278,2.770167,2013,CO
Leopardus tigrinus,2021-05-04,Felidae,-75.495361,4.469028,2015,CO
Leopardus tigrinus,2021-05-04,Felidae,-75.495361,4.469028,2014,CO
Leopardus tigrinus,2021-05-04,Felidae,-75.480528,4.45175,2014,CO
Leopardus tigrinus,2021-05-04,Felidae,-75.480528,4.45175,2014,CO
Leopardus tigrinus,2021-05-04,Felidae,-75.480528,4.45175,2014,CO
Leopardus tigrinus,2021-05-04,Felidae,-75.495361,4.469028,2014,CO
Leopardus tigrinus,2021-05-04,Felidae,-75.480528,4.45175,2014,CO
Leopardus tigrinus,2021-05-04,Felidae,-75.495361,4.469028,2014,CO
Leopardus tigrinus,2021-05-04,Felidae,-75.480528,4.45175,2014,CO
Leopardus tigrinus,2021-05-04,Felidae,-75.480528,4.45175,2014,CO
Leopardus tigrinus,2021-05-04,Felidae,-75.495361,4.469028,2012,CO
Leopardus tigrinus,2021-05-04,Felidae,-75.495361,4.469028,2014,CO
Leopardus tigrinus,2021-05-04,Felidae,-75.495361,4.469028,2014,CO
Leopardus tigrinus,2021-05-04,Felidae,-75.480528,4.45175,2014,CO
Leopardus tigrinus,2021-05-04,Felidae,-75.480528,4.45175,2013,CO
Leopardus tigrinus,2021-05-04,Felidae,-75.480528,4.45175,2013,CO
Leopardus tigrinus,2021-05-04,Felidae,-75.501278,4.461,2013,CO
Leopardus tigrinus,2021-05-04,Felidae,-75.495361,4.469028,2013,CO
Leopardus tigrinus,2021-05-04,Felidae,-77.01516,4.00277,2018,CO
Leopardus tigrinus,2021-05-04,Felidae,-77.009096,-6.276945,2017,PE
Leopardus tigrinus,2021-05-04,Felidae,-77.114359,-6.316287,2017,PE
Leopardus tigrinus,2021-05-04,Felidae,-77.113795,-6.11408,2017,PE
Leopardus tigrinus,2021-05-04,Felidae,-77.013748,-6.082156,2017,PE
Leopardus tigrinus,2021-05-04,Felidae,-77.01269,-6.333351,2017,PE
Leopardus tigrinus,2021-05-04,Felidae,-77.141353,-6.147919,2017,PE
Leopardus tigrinus,2021-05-04,Felidae,-77.131957,-6.211336,2017,PE
Leopardus tigrinus,2021-05-04,Felidae,-77.165857,-6.390815,2017,PE
Leopardus tigrinus,2021-05-04,Felidae,-77.055606,-6.310482,2017,PE
Leopardus tigrinus,2021-05-04,Felidae,-77.069074,-6.39377,2017,PE
Leopardus tigrinus,2021-05-04,Felidae,-77.121023,-6.243201,2017,PE
Leopardus tigrinus,2021-05-04,Felidae,-78.74142,0.281768,2015,EC
Leopardus tigrinus,2021-05-04,Felidae,-48.1734241389839,-21.7428916503512,2013,BR
Leopardus tigrinus,2021-05-04,Felidae,-75.710278,4.090194,2017,CO
Leopardus tigrinus,2021-05-04,Felidae,-75.388889,5.229442,NA,CO
Leopardus tigrinus,2021-05-04,Felidae,-75.62,4.671667,NA,CO
Leopardus tigrinus,2021-05-04,Felidae,-37.833332,-5.666667,NA,BR
Leopardus tigrinus,2021-05-04,Felidae,-73.38045,4.704226,2014,CO
Leopardus tigrinus,2021-05-04,Felidae,-74.01258,4.79882,2016,CO
Leopardus tigrinus,2021-05-04,Felidae,-73.98954,4.79384,2016,CO
Leopardus tigrinus,2021-05-04,Felidae,-73.98954,4.79384,2016,CO
Leopardus tigrinus,2021-05-04,Felidae,-73.98105,4.80113,2016,CO
Leopardus tigrinus,2021-05-04,Felidae,-74.02561,4.81822,2016,CO
Leopardus tigrinus,2021-05-04,Felidae,-74.002222,4.789222,2016,CO
Leopardus tigrinus,2021-05-04,Felidae,-76.0652,3.546531,2014,CO
Leopardus tigrinus,2021-05-04,Felidae,-76.173442,3.396753,2014,CO
Leopardus tigrinus,2021-05-04,Felidae,-76.043867,3.58455,2014,CO
Leopardus tigrinus,2021-05-04,Felidae,-76.12805,3.869506,2014,CO
Leopardus tigrinus,2021-05-04,Felidae,-77.248056,5.6805,2013,CO
Leopardus tigrinus,2021-05-04,Felidae,-76.695467,5.097631,1983,CO
Leopardus tigrinus,2021-05-04,Felidae,-75.393133,5.008811,2003,CO
Leopardus tigrinus,2021-05-04,Felidae,-75.025971,5.502466,2001,CO
Leopardus tigrinus,2021-05-04,Felidae,-73.794722,6.05639,2016,CO
Leopardus tigrinus,2021-05-04,Felidae,-73.794722,6.05639,2016,CO
Leopardus tigrinus,2021-05-04,Felidae,-73.794722,6.05639,2016,CO
Leopardus tigrinus,2021-05-04,Felidae,-73.794722,6.05639,2016,CO
Leopardus tigrinus,2021-05-04,Felidae,-73.794722,6.05639,2016,CO
Leopardus tigrinus,2021-05-04,Felidae,-73.794722,6.05639,2016,CO
Leopardus tigrinus,2021-05-04,Felidae,-73.794722,6.05639,2016,CO
Leopardus tigrinus,2021-05-04,Felidae,-73.794722,6.05639,2016,CO
Leopardus tigrinus,2021-05-04,Felidae,-73.794722,6.05639,2016,CO
Leopardus tigrinus,2021-05-04,Felidae,-73.794722,6.05639,2016,CO
Leopardus tigrinus,2021-05-04,Felidae,-73.794722,6.05639,2016,CO
Leopardus tigrinus,2021-05-04,Felidae,-73.794722,6.05639,2016,CO
Leopardus tigrinus,2021-05-04,Felidae,-73.794722,6.05639,2016,CO
Leopardus tigrinus,2021-05-04,Felidae,-73.794722,6.05639,2016,CO
Leopardus tigrinus,2021-05-04,Felidae,-73.794722,6.05639,2016,CO
Leopardus tigrinus,2021-05-04,Felidae,-73.794722,6.05639,2016,CO
Leopardus tigrinus,2021-05-04,Felidae,-73.794722,6.05639,2016,CO
Leopardus tigrinus,2021-05-04,Felidae,-73.794722,6.05639,2016,CO
Leopardus tigrinus,2021-05-04,Felidae,-73.794722,6.05639,2016,CO
Leopardus tigrinus,2021-05-04,Felidae,-73.794722,6.05639,2016,CO
Leopardus tigrinus,2021-05-04,Felidae,-73.794722,6.05639,2016,CO
Leopardus tigrinus,2021-05-04,Felidae,-73.794722,6.05639,2016,CO
Leopardus tigrinus,2021-05-04,Felidae,-73.794722,6.05639,2016,CO
Leopardus tigrinus,2021-05-04,Felidae,-73.794722,6.05639,2016,CO
Leopardus tigrinus,2021-05-04,Felidae,-73.810767,6.08862,2016,CO
Leopardus tigrinus,2021-05-04,Felidae,-73.800556,6.06972,2016,CO
Leopardus tigrinus,2021-05-04,Felidae,-73.800556,6.06972,2016,CO
Leopardus tigrinus,2021-05-04,Felidae,-73.800556,6.06972,2016,CO
Leopardus tigrinus,2021-05-04,Felidae,-73.800556,6.06972,2016,CO
Leopardus tigrinus,2021-05-04,Felidae,-73.800556,6.06972,2016,CO
Leopardus tigrinus,2021-05-04,Felidae,-73.800556,6.06972,2016,CO
Leopardus tigrinus,2021-05-04,Felidae,-73.794722,6.05639,2016,CO
Leopardus tigrinus,2021-05-04,Felidae,-73.794722,6.05639,2016,CO
Leopardus tigrinus,2021-05-04,Felidae,-73.7925,6.04972,2016,CO
Leopardus tigrinus,2021-05-04,Felidae,-73.810767,6.08862,2016,CO
Leopardus tigrinus,2021-05-04,Felidae,-73.800556,6.06972,2016,CO
Leopardus tigrinus,2021-05-04,Felidae,-73.800556,6.06972,2016,CO
Leopardus tigrinus,2021-05-04,Felidae,-73.800556,6.06972,2016,CO
Leopardus tigrinus,2021-05-04,Felidae,-73.800556,6.06972,2016,CO
Leopardus tigrinus,2021-05-04,Felidae,-73.800556,6.06972,2016,CO
Leopardus tigrinus,2021-05-04,Felidae,-73.800556,6.06972,2016,CO
Leopardus tigrinus,2021-05-04,Felidae,-73.800556,6.06972,2016,CO
Leopardus tigrinus,2021-05-04,Felidae,-73.800556,6.06972,2016,CO
Leopardus tigrinus,2021-05-04,Felidae,-73.794722,6.05639,2016,CO
Leopardus tigrinus,2021-05-04,Felidae,-73.7925,6.04972,2016,CO
Leopardus tigrinus,2021-05-04,Felidae,-73.7925,6.04972,2016,CO
Leopardus tigrinus,2021-05-04,Felidae,-73.7925,6.04972,2016,CO
Leopardus tigrinus,2021-05-04,Felidae,-73.7925,6.04972,2016,CO
Leopardus tigrinus,2021-05-04,Felidae,-73.7925,6.04972,2016,CO
Leopardus tigrinus,2021-05-04,Felidae,-73.128472,5.868806,2013,CO
Leopardus tigrinus,2021-05-04,Felidae,-66.87,10.55,1965,VE
Leopardus tigrinus,2021-05-04,Felidae,-62.37,7.18,1966,VE
Leopardus tigrinus,2021-05-04,Felidae,-73.0987,6.13823,1997,CO
Leopardus tigrinus,2021-05-04,Felidae,-76.541389,3.785,2013,CO
Leopardus tigrinus,2021-05-04,Felidae,-59.51666,2.83333,1966,GY
Leopardus tigrinus,2021-05-04,Felidae,-59.51666,2.83333,1963,GY
Leopardus tigrinus,2021-05-04,Felidae,-59.51666,2.83333,1962,GY
Leopardus tigrinus,2021-05-04,Felidae,-59.08242,2.83333,1963,GY
Leopardus tigrinus,2021-05-04,Felidae,-59.08242,2.83333,1973,GY
Leopardus tigrinus,2021-05-04,Felidae,-77.01,2.24,1959,CO
Leopardus tigrinus,2021-05-04,Felidae,-41.2851,-11.28517,NA,BR
Leopardus tigrinus,2021-05-04,Felidae,-76.1156,4.255,NA,CO
Leopardus tigrinus,2021-05-04,Felidae,-76.1156,4.255,1959,CO
Leopardus tigrinus,2021-05-04,Felidae,-76.91142,1.229191,NA,CO
Leopardus tigrinus,2021-05-04,Felidae,-76.91142,1.229191,NA,CO
Leopardus tigrinus,2021-05-04,Felidae,-75.82,6.86,NA,CO
Leopardus tigrinus,2021-05-04,Felidae,-75.68,6.92,NA,CO
Leopardus tigrinus,2021-05-04,Felidae,-75.82,5.6,NA,CO
Leopardus tigrinus,2021-05-04,Felidae,-75.15,7.07,NA,CO
Leopardus tigrinus,2021-05-04,Felidae,-75.88,5.66,NA,CO
Leopardus tigrinus,2021-05-04,Felidae,-75.91,6.73,NA,CO
Leopardus tigrinus,2021-05-04,Felidae,-75.52,6.57,NA,CO
Leopardus tigrinus,2021-05-04,Felidae,-75.4,6.49,NA,CO
Leopardus tigrinus,2021-05-04,Felidae,-75.46,6.65,NA,CO
Leopardus tigrinus,2021-05-04,Felidae,-75.61,5.75,NA,CO
Leopardus tigrinus,2021-05-04,Felidae,-75.79,5.8,NA,CO
Leopardus tigrinus,2021-05-04,Felidae,-75.42,6.97,NA,CO
Leopardus tigrinus,2021-05-04,Felidae,-75.72,5.67,NA,CO
Leopardus tigrinus,2021-05-04,Felidae,-75.67,6.61,NA,CO
Leopardus tigrinus,2021-05-04,Felidae,-75.29,6.73,NA,CO
Leopardus tigrinus,2021-05-04,Felidae,-75.07,6.91,NA,CO
Leopardus tigrinus,2021-05-04,Felidae,-53.85937,-25.67961,1994,AR
Leopardus tigrinus,2021-05-04,Felidae,-54.45596,-25.68748,2000,AR
Leopardus tigrinus,2021-05-04,Felidae,-54.50073,-25.66061,2002,AR
Leopardus tigrinus,2021-05-04,Felidae,-54.44669,-25.68408,1999,AR
Leopardus tigrinus,2021-05-04,Felidae,-54.44981,-25.68158,2003,AR
Leopardus tigrinus,2021-05-04,Felidae,-76.95,2.666667,1958,CO
Leopardus tigrinus,2021-05-04,Felidae,-76.416667,2.4,1955,CO
Leopardus tigrinus,2021-05-04,Felidae,-76.4,2.5,1958,CO
Leopardus tigrinus,2021-05-04,Felidae,-69.166664,-14.183333,1951,PE
Leopardus tigrinus,2021-05-04,Felidae,-69.166664,-14.183333,NA,PE
Leopardus tigrinus,2021-05-04,Felidae,-69.166664,-14.183333,1950,PE
Leopardus tigrinus,2021-05-04,Felidae,-74.083333,4.6,1952,CO
Leopardus tigrinus,2021-05-04,Felidae,-74.083333,4.6,1952,CO
Leopardus tigrinus,2021-05-04,Felidae,-74.083333,4.6,1952,CO
Leopardus tigrinus,2021-05-04,Felidae,-75.983333,1.616667,1951,CO
Leopardus tigrinus,2021-05-04,Felidae,-75.316666,-11.05,1948,PE
Leopardus tigrinus,2021-05-04,Felidae,-75.533333,-10.066667,1913,PE
Leopardus tigrinus,2021-05-04,Felidae,-45.25,-5.5,1924,BR
Leopardus tigrinus,2021-05-04,Felidae,-76.883333,2.533333,1955,CO
Leopardus tigrinus,2021-05-04,Felidae,-54.853078,-26.822228,NA,AR
Leopardus tigrinus,2021-05-04,Felidae,-55.83608,-25.258146,1932,PY
Leopardus tigrinus,2021-05-04,Felidae,-48.72427,-24.536493,1929,BR
Leopardus tigrinus,2021-05-04,Felidae,-55.83608,-25.258146,1932,PY
Leopardus tigrinus,2021-05-04,Felidae,-56.087463,-32.546059,NA,UY
Leopardus tigrinus,2021-05-04,Felidae,-71.174284,8.562993,1921,VE
Leopardus tigrinus,2021-05-04,Felidae,-48.109189,-24.524876,1929,BR
Leopardus tigrinus,2021-05-04,Felidae,-55.83608,-25.258146,1932,PY
Leopardus tigrinus,2021-05-04,Felidae,-55.83608,-25.258146,1931,PY
Leopardus tigrinus,2021-05-04,Felidae,-48.109189,-24.524876,1929,BR
Leopardus tigrinus,2021-05-04,Felidae,-54.64959,-27.0333,NA,AR
Leopardus tigrinus,2021-05-04,Felidae,-53.85937,-25.67961,1994,AR
Leopardus tigrinus,2021-05-04,Felidae,-54.45596,-25.68748,2000,AR
Leopardus tigrinus,2021-05-04,Felidae,-54.50073,-25.66061,2002,AR
Leopardus tigrinus,2021-05-04,Felidae,-54.44669,-25.68408,1999,AR
Leopardus tigrinus,2021-05-04,Felidae,-54.44981,-25.68158,2003,AR
Leopardus tigrinus,2021-05-04,Felidae,-54.45527,-25.68159,2004,AR
Leopardus tigrinus,2021-05-04,Felidae,-54.16541,-25.69786,2006,AR
Leopardus tigrinus,2021-05-04,Felidae,-54.44971,-25.68405,2003,AR
Leopardus tigrinus,2021-05-04,Felidae,-54.8,-26.61667,NA,AR
Leopardus tigrinus,2021-05-04,Felidae,-54.8,-26.61667,NA,AR
Leopardus tigrinus,2021-05-04,Felidae,-54.8,-26.61667,NA,AR
Leopardus tigrinus,2021-05-04,Felidae,-54.277707,-26.767171,NA,AR
Leopardus tigrinus,2021-05-04,Felidae,-54.687832,-27.02369,NA,AR
Leopardus tigrinus,2021-05-04,Felidae,-54.753515,-26.566243,NA,AR
Leopardus tigrinus,2021-05-04,Felidae,-54.45527,-25.68159,2004,AR
Leopardus tigrinus,2021-05-04,Felidae,-54.44971,-25.68405,2003,AR
Leopardus tigrinus,2021-05-04,Felidae,-80.033,-2.167,1991,EC
Leopardus tigrinus,2021-05-04,Felidae,-79.583,-1.333,1991,EC
Leopardus tigrinus,2021-05-04,Felidae,-80.717,-1.567,1991,EC
Leopardus tigrinus,2021-05-04,Felidae,-59.25,3.25,1993,GY
Leopardus tigrinus,2021-05-04,Felidae,-79.35,-2.567,1991,EC
Leopardus tigrinus,2021-05-04,Felidae,-76.133,-9.633,1975,PE
Leopardus tigrinus,2021-05-04,Felidae,-83.526,9.474,1967,CR
Leopardus tigrinus,2021-05-04,Felidae,-83.667,9.5,1967,CR
Leopardus guigna,2021-05-04,Felidae,-73.974358,-42.334277,2019,CL
Leopardus guigna,2021-05-04,Felidae,-72.660522,-46.59801,2021,CL
Leopardus guigna,2021-05-04,Felidae,-72.7632,-41.281839,2021,CL
Leopardus guigna,2021-05-04,Felidae,-73.030766,-41.35856,2020,CL
Leopardus guigna,2021-05-04,Felidae,-71.315318,-33.225242,2020,CL
Leopardus guigna,2021-05-04,Felidae,-72.37619,-40.237684,2020,CL
Leopardus guigna,2021-05-04,Felidae,-71.324037,-35.295957,2019,CL
Leopardus guigna,2021-05-04,Felidae,-71.207556,-35.222819,2020,CL
Leopardus guigna,2021-05-04,Felidae,-73.71259,-41.887522,2016,CL
Leopardus guigna,2021-05-04,Felidae,-71.36819,-35.319479,2019,CL
Leopardus guigna,2021-05-04,Felidae,-72.538199,-35.925985,2020,CL
Leopardus guigna,2021-05-04,Felidae,-71.714354,-34.621683,2020,CL
Leopardus guigna,2021-05-04,Felidae,-71.704419,-34.792071,2020,CL
Leopardus guigna,2021-05-04,Felidae,-71.922559,-39.397843,2019,CL
Leopardus guigna,2021-05-04,Felidae,-73.912664,-42.647971,2017,CL
Leopardus guigna,2021-05-04,Felidae,-73.05,-41.1167,1954,CL
Leopardus guigna,2021-05-04,Felidae,-73.05,-41.1167,1954,CL
Leopardus guigna,2021-05-04,Felidae,-72.71667,-37.8,1932,CL
Leopardus guigna,2021-05-04,Felidae,-72.38333,-38.05,1947,CL
Leopardus guigna,2021-05-04,Felidae,-73.15,-40.56667,1949,CL
Leopardus guigna,2021-05-04,Felidae,-72.6524380546104,-37.8536959970005,1961,CL
Leopardus guigna,2021-05-04,Felidae,-72.6524380546104,-37.8536959970005,1961,CL
Leopardus guigna,2021-05-04,Felidae,-72.71667,-37.8,1943,CL
Leopardus guigna,2021-05-04,Felidae,-72.9857897097761,-37.8203590702036,1952,CL
Leopardus guigna,2021-05-04,Felidae,-72.6,-38.73333,1908,CL
Leopardus guigna,2021-05-04,Felidae,-72.6524380546104,-37.8536959970005,1961,CL
Leopardus guigna,2021-05-04,Felidae,-71.67176,-37.46667,1961,CL
Leopardus guigna,2021-05-04,Felidae,-72.71667,-37.8,1952,CL
Leopardus guigna,2021-05-04,Felidae,-72.71667,-37.8,NA,CL
Leopardus guigna,2021-05-04,Felidae,-72.6191372006395,-38.7870264772532,1907,CL
Leopardus guigna,2021-05-04,Felidae,-71.48766,-41.26081,2011,AR
Leopardus guigna,2021-05-04,Felidae,-71.61294,-41.28661,2011,AR
Leopardus guigna,2021-05-04,Felidae,-71.65805,-40.62861,2010,AR
Leopardus guigna,2021-05-04,Felidae,-71.59201,-41.31251,2010,AR
Leopardus guigna,2021-05-04,Felidae,-71.62463,-41.27776,2010,AR
Leopardus guigna,2021-05-04,Felidae,-71.59282,-41.31111,2010,AR
Leopardus guigna,2021-05-04,Felidae,-71.59064,-41.30885,2009,AR
Leopardus guigna,2021-05-04,Felidae,-71.26667,-33.016666,1924,CL
Leopardus guigna,2021-05-04,Felidae,-71.566666,-33.033333,1922,CL
Leopardus guigna,2021-05-04,Felidae,-74.116669,-43.349998,1923,CL
Leopardus guigna,2021-05-04,Felidae,-72.400001,-39.849998,1923,CL
Leopardus guigna,2021-05-04,Felidae,-71.529584,-41.973001,NA,AR
Leopardus guigna,2021-05-04,Felidae,-71.540802,-36.782606,NA,CL
Leopardus guigna,2021-05-04,Felidae,-71.59064,-41.30885,2009,AR
Leopardus guigna,2021-05-04,Felidae,-71.59064,-41.30885,2009,AR
Leopardus guigna,2021-05-04,Felidae,-71.80008,-41.04262,1984,AR
Leopardus guigna,2021-05-04,Felidae,-71.75248,-41.3474,1981,AR
Leopardus guigna,2021-05-04,Felidae,-71.80874,-41.08162,1983,AR
Leopardus guigna,2021-05-04,Felidae,-71.71619,-40.14131,2008,AR
Leopardus guigna,2021-05-04,Felidae,-71.24047,-39.1479,2007,AR
Leopardus guigna,2021-05-04,Felidae,-71.24047,-39.1479,2007,AR
Leopardus guigna,2021-05-04,Felidae,-71.6525,-42.61541,1998,AR
Leopardus guigna,2021-05-04,Felidae,-71.65129,-42.61652,1998,AR
Leopardus guigna,2021-05-04,Felidae,-71.65646,-42.62022,1997,AR
Leopardus guigna,2021-05-04,Felidae,-71.66677,-42.63594,1997,AR
Leopardus guigna,2021-05-04,Felidae,-71.60954,-42.09565,2005,AR
Leopardus guigna,2021-05-04,Felidae,-71.51444,-41.35656,1998,AR
Leopardus guigna,2021-05-04,Felidae,-71.80008,-41.04262,1984,AR
Leopardus guigna,2021-05-04,Felidae,-71.75248,-41.3474,1981,AR
Leopardus guigna,2021-05-04,Felidae,-71.80874,-41.08162,1983,AR
Leopardus guigna,2021-05-04,Felidae,-71.49447,-40.62746,1998,AR
Leopardus guigna,2021-05-04,Felidae,-71.71619,-40.14131,2008,AR
Leopardus guigna,2021-05-04,Felidae,-71.24047,-39.1479,2007,AR
Leopardus guigna,2021-05-04,Felidae,-71.24047,-39.1479,2007,AR
Leopardus guigna,2021-05-04,Felidae,-71.6525,-42.61541,1998,AR
Leopardus guigna,2021-05-04,Felidae,-71.65129,-42.61652,1998,AR
Leopardus guigna,2021-05-04,Felidae,-71.65646,-42.62022,1997,AR
Leopardus guigna,2021-05-04,Felidae,-71.66677,-42.63594,1997,AR
